,Item,ServingSize,Calories,CaloriesFromFat,TotalFat,TF%OfDailyValue,SaturatedFat,SF%OfDailyValue,TransFat,Cholesterol,Chol%OfDailyValue,Sodium,S%OfDailyValue,Carbohydrates,Carb%OfDailyValue,DietaryFiber,Fiber%OfDailyValue,Sugar,Protien,%VitaminA,%VitaminC,%Calcium,%Iron,Category_Beef & Pork,Category_Beverages,Category_Breakfast,Category_Chicken & Fish,Category_Coffee & Tea,Category_Desserts,Category_Salads,Category_Smoothies & Shakes,Category_Snacks & Sides,Resturant_InNOut,Resturant_McDonalds,Resturant_RedRobin
0,Egg McMuffin,4.8 oz (136 g),300.0,120.0,13.0,20.0,5.0,25.0,0.0,260.0,87.0,750.0,31.0,31.0,10.0,4.0,17.0,3.0,17.0,10.0,0.0,25.0,15.0,0,0,1,0,0,0,0,0,0,0,1,0
1,Egg White Delight,4.8 oz (135 g),250.0,70.0,8.0,12.0,3.0,15.0,0.0,25.0,8.0,770.0,32.0,30.0,10.0,4.0,17.0,3.0,18.0,6.0,0.0,25.0,8.0,0,0,1,0,0,0,0,0,0,0,1,0
2,Sausage McMuffin,3.9 oz (111 g),370.0,200.0,23.0,35.0,8.0,42.0,0.0,45.0,15.0,780.0,33.0,29.0,10.0,4.0,17.0,2.0,14.0,8.0,0.0,25.0,10.0,0,0,1,0,0,0,0,0,0,0,1,0
3,Sausage McMuffin with Egg,5.7 oz (161 g),450.0,250.0,28.0,43.0,10.0,52.0,0.0,285.0,95.0,860.0,36.0,30.0,10.0,4.0,17.0,2.0,21.0,15.0,0.0,30.0,15.0,0,0,1,0,0,0,0,0,0,0,1,0
4,Sausage McMuffin with Egg Whites,5.7 oz (161 g),400.0,210.0,23.0,35.0,8.0,42.0,0.0,50.0,16.0,880.0,37.0,30.0,10.0,4.0,17.0,2.0,21.0,6.0,0.0,25.0,10.0,0,0,1,0,0,0,0,0,0,0,1,0
5,Steak & Egg McMuffin,6.5 oz (185 g),430.0,210.0,23.0,36.0,9.0,46.0,1.0,300.0,100.0,960.0,40.0,31.0,10.0,4.0,18.0,3.0,26.0,15.0,2.0,30.0,20.0,0,0,1,0,0,0,0,0,0,0,1,0
6,"Bacon, Egg & Cheese Biscuit (Regular Biscuit)",5.3 oz (150 g),460.0,230.0,26.0,40.0,13.0,65.0,0.0,250.0,83.0,1300.0,54.0,38.0,13.0,2.0,7.0,3.0,19.0,10.0,8.0,15.0,15.0,0,0,1,0,0,0,0,0,0,0,1,0
7,"Bacon, Egg & Cheese Biscuit (Large Biscuit)",5.8 oz (164 g),520.0,270.0,30.0,47.0,14.0,68.0,0.0,250.0,83.0,1410.0,59.0,43.0,14.0,3.0,12.0,4.0,19.0,15.0,8.0,20.0,20.0,0,0,1,0,0,0,0,0,0,0,1,0
8,"Bacon, Egg & Cheese Biscuit with Egg Whites (Regular Biscuit)",5.4 oz (153 g),410.0,180.0,20.0,32.0,11.0,56.0,0.0,35.0,11.0,1300.0,54.0,36.0,12.0,2.0,7.0,3.0,20.0,2.0,8.0,15.0,10.0,0,0,1,0,0,0,0,0,0,0,1,0
9,"Bacon, Egg & Cheese Biscuit with Egg Whites (Large Biscuit)",5.9 oz (167 g),470.0,220.0,25.0,38.0,12.0,59.0,0.0,35.0,11.0,1420.0,59.0,42.0,14.0,3.0,12.0,4.0,20.0,6.0,8.0,15.0,15.0,0,0,1,0,0,0,0,0,0,0,1,0
10,Sausage Biscuit (Regular Biscuit),4.1 oz (117 g),430.0,240.0,27.0,42.0,12.0,62.0,0.0,30.0,10.0,1080.0,45.0,34.0,11.0,2.0,6.0,2.0,11.0,0.0,0.0,6.0,15.0,0,0,1,0,0,0,0,0,0,0,1,0
11,Sausage Biscuit (Large Biscuit),4.6 oz (131 g),480.0,280.0,31.0,48.0,13.0,65.0,0.0,30.0,10.0,1190.0,50.0,39.0,13.0,3.0,11.0,3.0,11.0,4.0,0.0,8.0,15.0,0,0,1,0,0,0,0,0,0,0,1,0
12,Sausage Biscuit with Egg (Regular Biscuit),5.7 oz (163 g),510.0,290.0,33.0,50.0,14.0,71.0,0.0,250.0,83.0,1170.0,49.0,36.0,12.0,2.0,6.0,2.0,18.0,6.0,0.0,10.0,20.0,0,0,1,0,0,0,0,0,0,0,1,0
13,Sausage Biscuit with Egg (Large Biscuit),6.2 oz (177 g),570.0,330.0,37.0,57.0,15.0,74.0,0.0,250.0,83.0,1280.0,53.0,42.0,14.0,3.0,11.0,3.0,18.0,10.0,0.0,10.0,20.0,0,0,1,0,0,0,0,0,0,0,1,0
14,Sausage Biscuit with Egg Whites (Regular Biscuit),5.9 oz (167 g),460.0,250.0,27.0,42.0,12.0,62.0,0.0,35.0,11.0,1180.0,49.0,34.0,11.0,2.0,6.0,3.0,18.0,0.0,0.0,8.0,15.0,0,0,1,0,0,0,0,0,0,0,1,0
15,Sausage Biscuit with Egg Whites (Large Biscuit),6.4 oz (181 g),520.0,280.0,32.0,49.0,13.0,65.0,0.0,35.0,11.0,1290.0,54.0,40.0,13.0,3.0,11.0,3.0,18.0,4.0,0.0,8.0,15.0,0,0,1,0,0,0,0,0,0,0,1,0
16,Southern Style Chicken Biscuit (Regular Biscuit),5 oz (143 g),410.0,180.0,20.0,31.0,8.0,41.0,0.0,30.0,10.0,1180.0,49.0,41.0,14.0,2.0,6.0,3.0,17.0,0.0,2.0,6.0,15.0,0,0,1,0,0,0,0,0,0,0,1,0
17,Southern Style Chicken Biscuit (Large Biscuit),5.5 oz (157 g),470.0,220.0,24.0,37.0,9.0,45.0,0.0,30.0,10.0,1290.0,54.0,46.0,15.0,3.0,11.0,4.0,17.0,4.0,2.0,8.0,15.0,0,0,1,0,0,0,0,0,0,0,1,0
18,Steak & Egg Biscuit (Regular Biscuit),7.1 oz (201 g),540.0,290.0,32.0,49.0,16.0,78.0,1.0,280.0,93.0,1470.0,61.0,38.0,13.0,2.0,8.0,3.0,25.0,10.0,2.0,20.0,25.0,0,0,1,0,0,0,0,0,0,0,1,0
19,"Bacon, Egg & Cheese McGriddles",6.1 oz (174 g),460.0,190.0,21.0,32.0,9.0,44.0,0.0,250.0,84.0,1250.0,52.0,48.0,16.0,2.0,9.0,15.0,19.0,10.0,10.0,20.0,15.0,0,0,1,0,0,0,0,0,0,0,1,0
20,"Bacon, Egg & Cheese McGriddles with Egg Whites",6.3 oz (178 g),400.0,140.0,15.0,24.0,7.0,34.0,0.0,35.0,11.0,1250.0,52.0,47.0,16.0,2.0,9.0,16.0,20.0,2.0,10.0,15.0,10.0,0,0,1,0,0,0,0,0,0,0,1,0
21,Sausage McGriddles,5 oz (141 g),420.0,200.0,22.0,34.0,8.0,40.0,0.0,35.0,11.0,1030.0,43.0,44.0,15.0,2.0,8.0,15.0,11.0,0.0,0.0,8.0,10.0,0,0,1,0,0,0,0,0,0,0,1,0
22,"Sausage, Egg & Cheese McGriddles",7.1 oz (201 g),550.0,280.0,31.0,48.0,12.0,61.0,0.0,265.0,89.0,1320.0,55.0,48.0,16.0,2.0,9.0,15.0,20.0,10.0,0.0,20.0,15.0,0,0,1,0,0,0,0,0,0,0,1,0
23,"Sausage, Egg & Cheese McGriddles with Egg Whites",7.2 oz (205 g),500.0,230.0,26.0,40.0,10.0,52.0,0.0,50.0,17.0,1320.0,55.0,46.0,15.0,2.0,9.0,15.0,21.0,2.0,0.0,20.0,10.0,0,0,1,0,0,0,0,0,0,0,1,0
24,"Bacon, Egg & Cheese Bagel",6.9 oz (197 g),620.0,280.0,31.0,48.0,11.0,56.0,0.5,275.0,92.0,1480.0,62.0,57.0,19.0,3.0,11.0,7.0,30.0,20.0,15.0,20.0,20.0,0,0,1,0,0,0,0,0,0,0,1,0
25,"Bacon, Egg & Cheese Bagel with Egg Whites",7.1 oz (201 g),570.0,230.0,25.0,39.0,9.0,45.0,0.5,60.0,20.0,1480.0,62.0,55.0,18.0,3.0,12.0,8.0,30.0,10.0,15.0,20.0,15.0,0,0,1,0,0,0,0,0,0,0,1,0
26,"Steak, Egg & Cheese Bagel",8.5 oz (241 g),670.0,310.0,35.0,53.0,13.0,63.0,1.5,295.0,99.0,1510.0,63.0,56.0,19.0,3.0,12.0,7.0,33.0,20.0,4.0,25.0,25.0,0,0,1,0,0,0,0,0,0,0,1,0
27,Big Breakfast (Regular Biscuit),9.5 oz (269 g),740.0,430.0,48.0,73.0,17.0,87.0,0.0,555.0,185.0,1560.0,65.0,51.0,17.0,3.0,12.0,3.0,28.0,15.0,2.0,15.0,25.0,0,0,1,0,0,0,0,0,0,0,1,0
28,Big Breakfast (Large Biscuit),10 oz (283 g),800.0,470.0,52.0,80.0,18.0,90.0,0.0,555.0,185.0,1680.0,70.0,56.0,19.0,4.0,17.0,3.0,28.0,15.0,2.0,15.0,30.0,0,0,1,0,0,0,0,0,0,0,1,0
29,Big Breakfast with Egg Whites (Regular Biscuit),9.6 oz (272 g),640.0,330.0,37.0,57.0,14.0,69.0,0.0,35.0,12.0,1590.0,66.0,50.0,17.0,3.0,12.0,3.0,26.0,0.0,2.0,10.0,15.0,0,0,1,0,0,0,0,0,0,0,1,0
30,Big Breakfast with Egg Whites (Large Biscuit),10.1 oz (286 g),690.0,370.0,41.0,63.0,14.0,72.0,0.0,35.0,12.0,1700.0,71.0,55.0,18.0,4.0,17.0,4.0,26.0,4.0,2.0,10.0,15.0,0,0,1,0,0,0,0,0,0,0,1,0
31,Big Breakfast with Hotcakes (Regular Biscuit),14.8 oz (420 g),1090.0,510.0,56.0,87.0,19.0,96.0,0.0,575.0,192.0,2150.0,90.0,111.0,37.0,6.0,23.0,17.0,36.0,15.0,2.0,25.0,40.0,0,0,1,0,0,0,0,0,0,0,1,0
32,Big Breakfast with Hotcakes (Large Biscuit),15.3 oz (434 g),1150.0,540.0,60.0,93.0,20.0,100.0,0.0,575.0,192.0,2260.0,94.0,116.0,39.0,7.0,28.0,17.0,36.0,15.0,2.0,30.0,40.0,0,0,1,0,0,0,0,0,0,0,1,0
33,Big Breakfast with Hotcakes and Egg Whites (Regular Biscuit),14.9 oz (423 g),990.0,410.0,46.0,70.0,16.0,78.0,0.0,55.0,19.0,2170.0,91.0,110.0,37.0,6.0,23.0,17.0,35.0,0.0,2.0,25.0,30.0,0,0,1,0,0,0,0,0,0,0,1,0
34,Big Breakfast with Hotcakes and Egg Whites (Large Biscuit),15.4 oz (437 g),1050.0,450.0,50.0,77.0,16.0,81.0,0.0,55.0,19.0,2290.0,95.0,115.0,38.0,7.0,28.0,18.0,35.0,4.0,2.0,25.0,30.0,0,0,1,0,0,0,0,0,0,0,1,0
35,Hotcakes,5.3 oz (151 g),350.0,80.0,9.0,13.0,2.0,9.0,0.0,20.0,7.0,590.0,24.0,60.0,20.0,3.0,10.0,14.0,8.0,0.0,0.0,15.0,15.0,0,0,1,0,0,0,0,0,0,0,1,0
36,Hotcakes and Sausage,6.8 oz (192 g),520.0,210.0,24.0,37.0,7.0,36.0,0.0,50.0,17.0,930.0,39.0,61.0,20.0,3.0,10.0,14.0,15.0,0.0,0.0,15.0,15.0,0,0,1,0,0,0,0,0,0,0,1,0
37,Sausage Burrito,3.9 oz (111 g),300.0,150.0,16.0,25.0,7.0,33.0,0.0,115.0,38.0,790.0,33.0,26.0,9.0,1.0,5.0,2.0,12.0,10.0,2.0,15.0,15.0,0,0,1,0,0,0,0,0,0,0,1,0
38,Hash Brown,2 oz (56 g),150.0,80.0,9.0,14.0,1.5,6.0,0.0,0.0,0.0,310.0,13.0,15.0,5.0,2.0,6.0,0.0,1.0,0.0,2.0,0.0,2.0,0,0,1,0,0,0,0,0,0,0,1,0
39,Cinnamon Melts,4 oz (114 g),460.0,170.0,19.0,30.0,9.0,43.0,0.0,15.0,5.0,370.0,15.0,66.0,22.0,3.0,11.0,32.0,6.0,4.0,0.0,6.0,15.0,0,0,1,0,0,0,0,0,0,0,1,0
40,Fruit & Maple Oatmeal,9.6 oz (251 g),290.0,35.0,4.0,6.0,1.5,8.0,0.0,5.0,2.0,160.0,7.0,58.0,19.0,5.0,19.0,32.0,5.0,2.0,130.0,10.0,10.0,0,0,1,0,0,0,0,0,0,0,1,0
41,Fruit & Maple Oatmeal without Brown Sugar,9.6 oz (251 g),260.0,40.0,4.0,6.0,1.5,8.0,0.0,5.0,2.0,115.0,5.0,49.0,16.0,5.0,22.0,18.0,5.0,2.0,130.0,6.0,10.0,0,0,1,0,0,0,0,0,0,0,1,0
42,Big Mac,7.4 oz (211 g),530.0,240.0,27.0,42.0,10.0,48.0,1.0,85.0,28.0,960.0,40.0,47.0,16.0,3.0,13.0,9.0,24.0,6.0,2.0,25.0,25.0,1,0,0,0,0,0,0,0,0,0,1,0
43,Quarter Pounder with Cheese,7.1 oz (202 g),520.0,240.0,26.0,41.0,12.0,61.0,1.5,95.0,31.0,1100.0,46.0,41.0,14.0,3.0,11.0,10.0,30.0,10.0,2.0,30.0,25.0,1,0,0,0,0,0,0,0,0,0,1,0
44,Quarter Pounder with Bacon & Cheese,8 oz (227 g),600.0,260.0,29.0,45.0,13.0,63.0,1.5,105.0,34.0,1440.0,60.0,48.0,16.0,3.0,12.0,12.0,37.0,6.0,15.0,25.0,30.0,1,0,0,0,0,0,0,0,0,0,1,0
45,Quarter Pounder with Bacon Habanero Ranch,8.3 oz (235 g),610.0,280.0,31.0,48.0,13.0,64.0,1.5,105.0,35.0,1180.0,49.0,46.0,15.0,3.0,14.0,10.0,37.0,8.0,20.0,25.0,30.0,1,0,0,0,0,0,0,0,0,0,1,0
46,Quarter Pounder Deluxe,8.6 oz (244 g),540.0,250.0,27.0,42.0,11.0,54.0,1.5,85.0,28.0,960.0,40.0,45.0,15.0,3.0,13.0,9.0,29.0,10.0,8.0,25.0,30.0,1,0,0,0,0,0,0,0,0,0,1,0
47,Double Quarter Pounder with Cheese,10 oz (283 g),750.0,380.0,43.0,66.0,19.0,96.0,2.5,160.0,53.0,1280.0,53.0,42.0,14.0,3.0,11.0,10.0,48.0,10.0,2.0,30.0,35.0,1,0,0,0,0,0,0,0,0,0,1,0
48,Hamburger,3.5 oz (98 g),240.0,70.0,8.0,12.0,3.0,15.0,0.0,30.0,10.0,480.0,20.0,32.0,11.0,1.0,6.0,6.0,12.0,2.0,2.0,10.0,15.0,1,0,0,0,0,0,0,0,0,0,1,0
49,Cheeseburger,4 oz (113 g),290.0,100.0,11.0,18.0,5.0,27.0,0.5,45.0,15.0,680.0,28.0,33.0,11.0,2.0,7.0,7.0,15.0,6.0,2.0,20.0,15.0,1,0,0,0,0,0,0,0,0,0,1,0
50,Double Cheeseburger,5.7 oz (161 g),430.0,190.0,21.0,32.0,10.0,52.0,1.0,90.0,30.0,1040.0,43.0,35.0,12.0,2.0,8.0,7.0,24.0,10.0,2.0,30.0,20.0,1,0,0,0,0,0,0,0,0,0,1,0
51,Bacon Clubhouse Burger,9.5 oz (270 g),720.0,360.0,40.0,62.0,15.0,75.0,1.5,115.0,38.0,1470.0,61.0,51.0,17.0,4.0,14.0,14.0,39.0,8.0,25.0,30.0,25.0,1,0,0,0,0,0,0,0,0,0,1,0
52,McDouble,5.2 oz (147 g),380.0,150.0,17.0,26.0,8.0,40.0,1.0,75.0,25.0,840.0,35.0,34.0,11.0,2.0,7.0,7.0,22.0,6.0,2.0,20.0,20.0,1,0,0,0,0,0,0,0,0,0,1,0
53,Bacon McDouble,5.7 oz (161 g),440.0,200.0,22.0,34.0,10.0,49.0,1.0,90.0,30.0,1110.0,46.0,35.0,12.0,2.0,7.0,7.0,27.0,6.0,10.0,20.0,20.0,1,0,0,0,0,0,0,0,0,0,1,0
54,Daily Double,6.7 oz (190 g),430.0,200.0,22.0,35.0,9.0,44.0,1.0,80.0,27.0,760.0,32.0,34.0,11.0,2.0,8.0,7.0,22.0,8.0,8.0,20.0,20.0,1,0,0,0,0,0,0,0,0,0,1,0
55,Jalapeño Double,5.6 oz (159 g),430.0,210.0,23.0,36.0,9.0,44.0,1.0,80.0,27.0,1030.0,43.0,35.0,12.0,2.0,7.0,6.0,22.0,6.0,8.0,20.0,20.0,1,0,0,0,0,0,0,0,0,0,1,0
56,McRib,7.3 oz (208 g),500.0,240.0,26.0,40.0,10.0,48.0,0.0,70.0,23.0,980.0,41.0,44.0,15.0,3.0,10.0,11.0,22.0,2.0,2.0,15.0,20.0,1,0,0,0,0,0,0,0,0,0,1,0
57,Premium Crispy Chicken Classic Sandwich,7.5 oz (213 g),510.0,200.0,22.0,33.0,3.5,18.0,0.0,45.0,16.0,990.0,41.0,55.0,18.0,3.0,13.0,10.0,24.0,4.0,6.0,15.0,20.0,0,0,0,1,0,0,0,0,0,0,1,0
58,Premium Grilled Chicken Classic Sandwich,7 oz (200 g),350.0,80.0,9.0,13.0,2.0,9.0,0.0,65.0,22.0,820.0,34.0,42.0,14.0,3.0,13.0,8.0,28.0,4.0,8.0,15.0,20.0,0,0,0,1,0,0,0,0,0,0,1,0
59,Premium Crispy Chicken Club Sandwich,8.8 oz (249 g),670.0,300.0,33.0,51.0,9.0,44.0,0.0,85.0,29.0,1410.0,59.0,58.0,19.0,3.0,14.0,11.0,36.0,8.0,20.0,30.0,20.0,0,0,0,1,0,0,0,0,0,0,1,0
60,Premium Grilled Chicken Club Sandwich,8.3 oz (235 g),510.0,180.0,20.0,31.0,7.0,36.0,0.0,105.0,35.0,1250.0,52.0,44.0,15.0,3.0,13.0,9.0,40.0,8.0,20.0,30.0,20.0,0,0,0,1,0,0,0,0,0,0,1,0
61,Premium Crispy Chicken Ranch BLT Sandwich,8.1 oz (230 g),610.0,250.0,28.0,43.0,6.0,31.0,0.0,70.0,24.0,1400.0,58.0,57.0,19.0,3.0,13.0,11.0,32.0,4.0,20.0,15.0,20.0,0,0,0,1,0,0,0,0,0,0,1,0
62,Premium Grilled Chicken Ranch BLT Sandwich,7.6 oz (217 g),450.0,130.0,15.0,23.0,4.5,22.0,0.0,90.0,30.0,1230.0,51.0,43.0,14.0,3.0,13.0,9.0,36.0,4.0,20.0,15.0,20.0,0,0,0,1,0,0,0,0,0,0,1,0
63,Bacon Clubhouse Crispy Chicken Sandwich,10 oz (284 g),750.0,340.0,38.0,59.0,10.0,51.0,0.5,90.0,31.0,1720.0,72.0,65.0,22.0,4.0,15.0,16.0,36.0,8.0,25.0,30.0,15.0,0,0,0,1,0,0,0,0,0,0,1,0
64,Bacon Clubhouse Grilled Chicken Sandwich,9.5 oz (270 g),590.0,230.0,25.0,39.0,8.0,42.0,0.0,110.0,37.0,1560.0,65.0,51.0,17.0,4.0,15.0,14.0,40.0,8.0,30.0,30.0,15.0,0,0,0,1,0,0,0,0,0,0,1,0
65,Southern Style Crispy Chicken Sandwich,5.6 oz (160 g),430.0,170.0,19.0,29.0,3.0,15.0,0.0,45.0,14.0,910.0,38.0,43.0,14.0,2.0,7.0,7.0,21.0,4.0,2.0,15.0,15.0,0,0,0,1,0,0,0,0,0,0,1,0
66,McChicken,5.1 oz (143 g),360.0,140.0,16.0,25.0,3.0,15.0,0.0,35.0,11.0,800.0,33.0,40.0,13.0,2.0,7.0,5.0,14.0,0.0,2.0,10.0,15.0,0,0,0,1,0,0,0,0,0,0,1,0
67,Bacon Cheddar McChicken,6 oz (171 g),480.0,220.0,24.0,38.0,7.0,35.0,0.0,65.0,21.0,1260.0,53.0,43.0,14.0,2.0,8.0,6.0,22.0,4.0,10.0,20.0,15.0,0,0,0,1,0,0,0,0,0,0,1,0
68,Bacon Buffalo Ranch McChicken,5.7 oz (161 g),430.0,190.0,21.0,32.0,5.0,25.0,0.0,50.0,17.0,1260.0,53.0,41.0,14.0,2.0,7.0,6.0,20.0,2.0,10.0,15.0,15.0,0,0,0,1,0,0,0,0,0,0,1,0
69,Buffalo Ranch McChicken,5.2 oz (148 g),360.0,150.0,16.0,25.0,3.0,16.0,0.0,35.0,11.0,990.0,41.0,40.0,13.0,2.0,7.0,5.0,14.0,2.0,2.0,15.0,15.0,0,0,0,1,0,0,0,0,0,0,1,0
70,Premium McWrap Chicken & Bacon (Crispy Chicken),11.1 oz (316 g),630.0,280.0,32.0,49.0,9.0,45.0,0.5,80.0,26.0,1540.0,64.0,56.0,19.0,3.0,13.0,7.0,32.0,60.0,20.0,20.0,20.0,0,0,0,1,0,0,0,0,0,0,1,0
71,Premium McWrap Chicken & Bacon (Grilled Chicken),10.7 oz (302 g),480.0,170.0,19.0,28.0,7.0,36.0,0.0,95.0,32.0,1370.0,57.0,42.0,14.0,3.0,13.0,6.0,36.0,60.0,25.0,20.0,20.0,0,0,0,1,0,0,0,0,0,0,1,0
72,Premium McWrap Chicken & Ranch (Crispy Chicken),10.9 oz (310 g),610.0,280.0,31.0,47.0,8.0,40.0,0.5,65.0,21.0,1340.0,56.0,56.0,19.0,3.0,14.0,8.0,27.0,60.0,15.0,20.0,20.0,0,0,0,1,0,0,0,0,0,0,1,0
73,Premium McWrap Chicken & Ranch (Grilled Chicken),10.5 oz (297 g),450.0,160.0,18.0,27.0,6.0,31.0,0.5,80.0,27.0,1170.0,49.0,42.0,14.0,3.0,14.0,6.0,30.0,60.0,15.0,15.0,20.0,0,0,0,1,0,0,0,0,0,0,1,0
74,Premium McWrap Southwest Chicken (Crispy Chicken),11.1 oz (314 g),670.0,300.0,33.0,51.0,8.0,40.0,0.5,60.0,21.0,1480.0,62.0,68.0,23.0,5.0,19.0,12.0,27.0,60.0,15.0,20.0,20.0,0,0,0,1,0,0,0,0,0,0,1,0
75,Premium McWrap Southwest Chicken (Grilled Chicken),11.2 oz (318 g),520.0,180.0,20.0,31.0,6.0,32.0,0.0,80.0,27.0,1320.0,55.0,55.0,18.0,5.0,20.0,10.0,31.0,70.0,15.0,20.0,20.0,0,0,0,1,0,0,0,0,0,0,1,0
76,Premium McWrap Chicken Sweet Chili (Crispy Chicken),10.7 oz (304 g),540.0,200.0,23.0,35.0,4.5,23.0,0.0,50.0,16.0,1260.0,52.0,61.0,20.0,3.0,13.0,14.0,23.0,60.0,15.0,8.0,20.0,0,0,0,1,0,0,0,0,0,0,1,0
77,Premium McWrap Chicken Sweet Chili (Grilled Chicken),10.3 oz (291 g),380.0,90.0,10.0,15.0,3.0,14.0,0.0,65.0,22.0,1090.0,45.0,47.0,16.0,3.0,13.0,12.0,27.0,60.0,15.0,8.0,20.0,0,0,0,1,0,0,0,0,0,0,1,0
78,Chicken McNuggets (4 piece),2.3 oz (65 g),190.0,110.0,12.0,18.0,2.0,10.0,0.0,25.0,9.0,360.0,15.0,12.0,4.0,1.0,2.0,0.0,9.0,0.0,2.0,0.0,2.0,0,0,0,1,0,0,0,0,0,0,1,0
79,Chicken McNuggets (6 piece),3.4 oz (97 g),280.0,160.0,18.0,27.0,3.0,15.0,0.0,40.0,13.0,540.0,22.0,18.0,6.0,1.0,4.0,0.0,13.0,0.0,2.0,2.0,4.0,0,0,0,1,0,0,0,0,0,0,1,0
80,Chicken McNuggets (10 piece),5.7 oz (162 g),470.0,270.0,30.0,45.0,5.0,25.0,0.0,65.0,22.0,900.0,37.0,30.0,10.0,2.0,6.0,0.0,22.0,0.0,4.0,2.0,6.0,0,0,0,1,0,0,0,0,0,0,1,0
81,Chicken McNuggets (20 piece),11.4 oz (323 g),940.0,530.0,59.0,91.0,10.0,50.0,0.0,135.0,44.0,1800.0,75.0,59.0,20.0,3.0,12.0,0.0,44.0,0.0,8.0,4.0,10.0,0,0,0,1,0,0,0,0,0,0,1,0
82,Chicken McNuggets (40 piece),22.8 oz (646 g),1880.0,1060.0,118.0,182.0,20.0,101.0,1.0,265.0,89.0,3600.0,150.0,118.0,39.0,6.0,24.0,1.0,87.0,0.0,15.0,8.0,25.0,0,0,0,1,0,0,0,0,0,0,1,0
83,Filet-O-Fish,5 oz (142 g),390.0,170.0,19.0,29.0,4.0,19.0,0.0,40.0,14.0,590.0,24.0,39.0,13.0,2.0,7.0,5.0,15.0,2.0,0.0,15.0,10.0,0,0,0,1,0,0,0,0,0,0,1,0
84,Premium Bacon Ranch Salad (without Chicken),7.9 oz (223 g),140.0,70.0,7.0,11.0,3.5,18.0,0.0,25.0,9.0,300.0,13.0,10.0,3.0,3.0,12.0,4.0,9.0,170.0,30.0,15.0,6.0,0,0,0,0,0,0,1,0,0,0,1,0
85,Premium Bacon Ranch Salad with Crispy Chicken,9 oz (255 g),380.0,190.0,21.0,33.0,6.0,29.0,0.0,70.0,23.0,860.0,36.0,22.0,7.0,2.0,10.0,5.0,25.0,100.0,25.0,15.0,8.0,0,0,0,0,0,0,1,0,0,0,1,0
86,Premium Bacon Ranch Salad with Grilled Chicken,8.5 oz (241 g),220.0,80.0,8.0,13.0,4.0,20.0,0.0,85.0,29.0,690.0,29.0,8.0,3.0,2.0,10.0,4.0,29.0,110.0,30.0,15.0,8.0,0,0,0,0,0,0,1,0,0,0,1,0
87,Premium Southwest Salad (without Chicken),8.1 oz (230 g),140.0,40.0,4.5,7.0,2.0,9.0,0.0,10.0,3.0,150.0,6.0,20.0,7.0,6.0,23.0,6.0,6.0,160.0,25.0,15.0,10.0,0,0,0,0,0,0,1,0,0,0,1,0
88,Premium Southwest Salad with Crispy Chicken,12.3 oz (348 g),450.0,190.0,22.0,33.0,4.5,22.0,0.0,50.0,17.0,850.0,35.0,42.0,14.0,7.0,28.0,12.0,23.0,170.0,30.0,15.0,15.0,0,0,0,0,0,0,1,0,0,0,1,0
89,Premium Southwest Salad with Grilled Chicken,11.8 oz (335 g),290.0,80.0,8.0,13.0,2.5,13.0,0.0,70.0,23.0,680.0,28.0,28.0,9.0,7.0,28.0,10.0,27.0,170.0,30.0,15.0,15.0,0,0,0,0,0,0,1,0,0,0,1,0
90,Chipotle BBQ Snack Wrap (Crispy Chicken),4.6 oz (130 g),340.0,130.0,15.0,23.0,4.5,22.0,0.0,30.0,11.0,780.0,33.0,37.0,12.0,1.0,6.0,8.0,14.0,4.0,0.0,10.0,10.0,0,0,0,0,0,0,0,0,1,0,1,0
91,Chipotle BBQ Snack Wrap (Grilled Chicken),4.3 oz (123 g),260.0,70.0,8.0,13.0,3.5,18.0,0.0,40.0,14.0,700.0,29.0,30.0,10.0,1.0,6.0,7.0,16.0,4.0,2.0,10.0,10.0,0,0,0,0,0,0,0,0,1,0,1,0
92,Honey Mustard Snack Wrap (Crispy Chicken),4.3 oz (123 g),330.0,130.0,15.0,23.0,4.5,22.0,0.0,35.0,11.0,730.0,30.0,34.0,11.0,1.0,5.0,3.0,14.0,2.0,0.0,10.0,10.0,0,0,0,0,0,0,0,0,1,0,1,0
93,Honey Mustard Snack Wrap (Grilled Chicken),4.1 oz (116 g),250.0,70.0,8.0,13.0,3.5,18.0,0.0,45.0,14.0,650.0,27.0,27.0,9.0,1.0,5.0,2.0,16.0,2.0,2.0,10.0,10.0,0,0,0,0,0,0,0,0,1,0,1,0
94,Ranch Snack Wrap (Crispy Chicken),4.5 oz (128 g),360.0,180.0,20.0,30.0,5.0,27.0,0.0,40.0,13.0,810.0,34.0,32.0,11.0,1.0,5.0,3.0,15.0,2.0,0.0,10.0,10.0,0,0,0,0,0,0,0,0,1,0,1,0
95,Ranch Snack Wrap (Grilled Chicken),4.3 oz (121 g),280.0,120.0,13.0,20.0,4.5,22.0,0.0,45.0,16.0,720.0,30.0,25.0,8.0,1.0,5.0,2.0,16.0,2.0,2.0,10.0,10.0,0,0,0,0,0,0,0,0,1,0,1,0
96,Small French Fries,2.6 oz (75 g),230.0,100.0,11.0,17.0,1.5,8.0,0.0,0.0,0.0,130.0,5.0,30.0,10.0,2.0,10.0,0.0,2.0,0.0,30.0,0.0,4.0,0,0,0,0,0,0,0,0,1,0,1,0
97,Medium French Fries,3.9 oz (111 g),340.0,140.0,16.0,24.0,2.5,11.0,0.0,0.0,0.0,190.0,8.0,44.0,15.0,4.0,14.0,0.0,4.0,0.0,45.0,2.0,4.0,0,0,0,0,0,0,0,0,1,0,1,0
98,Large French Fries,5.9 oz (168 g),510.0,220.0,24.0,37.0,3.5,17.0,0.0,0.0,0.0,290.0,12.0,67.0,22.0,5.0,22.0,0.0,6.0,0.0,70.0,2.0,8.0,0,0,0,0,0,0,0,0,1,0,1,0
99,Kids French Fries,1.3 oz (38 g),110.0,50.0,5.0,8.0,1.0,4.0,0.0,0.0,0.0,65.0,3.0,15.0,5.0,1.0,5.0,0.0,1.0,0.0,15.0,0.0,2.0,0,0,0,0,0,0,0,0,1,0,1,0
100,Side Salad,3.1 oz (87 g),20.0,0.0,0.0,0.0,0.0,0.0,0.0,0.0,0.0,10.0,0.0,4.0,1.0,1.0,6.0,2.0,1.0,45.0,25.0,2.0,4.0,0,0,0,0,0,0,0,0,1,0,1,0
101,Apple Slices,1.2 oz (34 g),15.0,0.0,0.0,0.0,0.0,0.0,0.0,0.0,0.0,0.0,0.0,4.0,1.0,0.0,0.0,3.0,0.0,0.0,160.0,2.0,0.0,0,0,0,0,0,0,0,0,1,0,1,0
102,Fruit 'n Yogurt Parfait,5.2 oz (149 g),150.0,20.0,2.0,3.0,1.0,5.0,0.0,5.0,2.0,70.0,3.0,30.0,10.0,1.0,3.0,23.0,4.0,2.0,15.0,10.0,4.0,0,0,0,0,0,0,0,0,1,0,1,0
103,Baked Apple Pie,2.7 oz (77 g),250.0,110.0,13.0,19.0,7.0,35.0,0.0,0.0,0.0,170.0,7.0,32.0,11.0,4.0,15.0,13.0,2.0,4.0,25.0,2.0,6.0,0,0,0,0,0,1,0,0,0,0,1,0
104,Chocolate Chip Cookie,1 cookie (33 g),160.0,70.0,8.0,12.0,3.5,19.0,0.0,10.0,3.0,90.0,4.0,21.0,7.0,1.0,3.0,15.0,2.0,2.0,0.0,2.0,8.0,0,0,0,0,0,1,0,0,0,0,1,0
105,Oatmeal Raisin Cookie,1 cookie (33 g),150.0,50.0,6.0,9.0,2.5,13.0,0.0,10.0,3.0,135.0,6.0,22.0,7.0,1.0,3.0,13.0,2.0,2.0,0.0,2.0,6.0,0,0,0,0,0,1,0,0,0,0,1,0
106,Kids Ice Cream Cone,1 oz (29 g),45.0,10.0,1.5,2.0,1.0,4.0,0.0,5.0,2.0,20.0,1.0,7.0,2.0,0.0,0.0,6.0,1.0,2.0,0.0,4.0,0.0,0,0,0,0,0,1,0,0,0,0,1,0
107,Hot Fudge Sundae,6.3 oz (179 g),330.0,80.0,9.0,14.0,7.0,34.0,0.0,25.0,8.0,170.0,7.0,53.0,18.0,1.0,3.0,48.0,8.0,8.0,0.0,25.0,8.0,0,0,0,0,0,1,0,0,0,0,1,0
108,Hot Caramel Sundae,6.4 oz (182 g),340.0,70.0,8.0,12.0,5.0,24.0,0.0,30.0,10.0,150.0,6.0,60.0,20.0,0.0,0.0,43.0,7.0,10.0,0.0,25.0,0.0,0,0,0,0,0,1,0,0,0,0,1,0
109,Strawberry Sundae,6.3 oz (178 g),280.0,60.0,6.0,10.0,4.0,20.0,0.0,25.0,8.0,85.0,4.0,49.0,16.0,0.0,0.0,45.0,6.0,8.0,4.0,20.0,0.0,0,0,0,0,0,1,0,0,0,0,1,0
110,Coca-Cola Classic (Small),16 fl oz cup,140.0,0.0,0.0,0.0,0.0,0.0,0.0,0.0,0.0,0.0,0.0,39.0,13.0,0.0,0.0,39.0,0.0,0.0,0.0,0.0,0.0,0,1,0,0,0,0,0,0,0,0,1,0
111,Coca-Cola Classic (Medium),21 fl oz cup,200.0,0.0,0.0,0.0,0.0,0.0,0.0,0.0,0.0,5.0,0.0,55.0,18.0,0.0,0.0,55.0,0.0,0.0,0.0,0.0,0.0,0,1,0,0,0,0,0,0,0,0,1,0
112,Coca-Cola Classic (Large),30 fl oz cup,280.0,0.0,0.0,0.0,0.0,0.0,0.0,0.0,0.0,5.0,0.0,76.0,25.0,0.0,0.0,76.0,0.0,0.0,0.0,0.0,0.0,0,1,0,0,0,0,0,0,0,0,1,0
113,Coca-Cola Classic (Child),12 fl oz cup,100.0,0.0,0.0,0.0,0.0,0.0,0.0,0.0,0.0,0.0,0.0,28.0,9.0,0.0,0.0,28.0,0.0,0.0,0.0,0.0,0.0,0,1,0,0,0,0,0,0,0,0,1,0
114,Diet Coke (Small),16 fl oz cup,0.0,0.0,0.0,0.0,0.0,0.0,0.0,0.0,0.0,10.0,0.0,0.0,0.0,0.0,0.0,0.0,0.0,0.0,0.0,0.0,0.0,0,1,0,0,0,0,0,0,0,0,1,0
115,Diet Coke (Medium),21 fl oz cup,0.0,0.0,0.0,0.0,0.0,0.0,0.0,0.0,0.0,20.0,1.0,0.0,0.0,0.0,0.0,0.0,0.0,0.0,0.0,0.0,0.0,0,1,0,0,0,0,0,0,0,0,1,0
116,Diet Coke (Large),30 fl oz cup,0.0,0.0,0.0,0.0,0.0,0.0,0.0,0.0,0.0,35.0,1.0,0.0,0.0,0.0,0.0,0.0,0.0,0.0,0.0,0.0,0.0,0,1,0,0,0,0,0,0,0,0,1,0
117,Diet Coke (Child),12 fl oz cup,0.0,0.0,0.0,0.0,0.0,0.0,0.0,0.0,0.0,15.0,1.0,0.0,0.0,0.0,0.0,0.0,0.0,0.0,0.0,0.0,0.0,0,1,0,0,0,0,0,0,0,0,1,0
118,Dr Pepper (Small),16 fl oz cup,140.0,0.0,0.0,0.0,0.0,0.0,0.0,0.0,0.0,45.0,2.0,37.0,12.0,0.0,0.0,35.0,0.0,0.0,0.0,0.0,0.0,0,1,0,0,0,0,0,0,0,0,1,0
119,Dr Pepper (Medium),21 fl oz cup,190.0,0.0,0.0,0.0,0.0,0.0,0.0,0.0,0.0,65.0,3.0,53.0,18.0,0.0,0.0,51.0,0.0,0.0,0.0,0.0,0.0,0,1,0,0,0,0,0,0,0,0,1,0
120,Dr Pepper (Large),30 fl oz cup,270.0,0.0,0.0,0.0,0.0,0.0,0.0,0.0,0.0,90.0,4.0,72.0,24.0,0.0,0.0,70.0,0.0,0.0,0.0,0.0,0.0,0,1,0,0,0,0,0,0,0,0,1,0
121,Dr Pepper (Child),12 fl oz cup,100.0,0.0,0.0,0.0,0.0,0.0,0.0,0.0,0.0,30.0,1.0,27.0,9.0,0.0,0.0,26.0,0.0,0.0,0.0,0.0,0.0,0,1,0,0,0,0,0,0,0,0,1,0
122,Diet Dr Pepper (Small),16 fl oz cup,0.0,0.0,0.0,0.0,0.0,0.0,0.0,0.0,0.0,70.0,3.0,0.0,0.0,0.0,0.0,0.0,2.0,0.0,0.0,0.0,0.0,0,1,0,0,0,0,0,0,0,0,1,0
123,Diet Dr Pepper (Medium),21 fl oz cup,0.0,0.0,0.0,0.0,0.0,0.0,0.0,0.0,0.0,100.0,4.0,0.0,0.0,0.0,0.0,0.0,3.0,0.0,0.0,0.0,0.0,0,1,0,0,0,0,0,0,0,0,1,0
124,Diet Dr Pepper (Large),30 fl oz cup,0.0,0.0,0.0,0.0,0.0,0.0,0.0,0.0,0.0,140.0,6.0,0.0,0.0,0.0,0.0,0.0,4.0,0.0,0.0,0.0,0.0,0,1,0,0,0,0,0,0,0,0,1,0
125,Diet Dr Pepper (Child),12 fl oz cup,0.0,0.0,0.0,0.0,0.0,0.0,0.0,0.0,0.0,50.0,2.0,0.0,0.0,0.0,0.0,0.0,1.0,0.0,0.0,0.0,0.0,0,1,0,0,0,0,0,0,0,0,1,0
126,Sprite (Small),16 fl oz cup,140.0,0.0,0.0,0.0,0.0,0.0,0.0,0.0,0.0,30.0,1.0,37.0,12.0,0.0,0.0,37.0,0.0,0.0,0.0,0.0,0.0,0,1,0,0,0,0,0,0,0,0,1,0
127,Sprite (Medium),21 fl oz cup,200.0,0.0,0.0,0.0,0.0,0.0,0.0,0.0,0.0,45.0,2.0,54.0,18.0,0.0,0.0,54.0,0.0,0.0,0.0,0.0,0.0,0,1,0,0,0,0,0,0,0,0,1,0
128,Sprite (Large),30 fl oz cup,280.0,0.0,0.0,0.0,0.0,0.0,0.0,0.0,0.0,60.0,3.0,74.0,25.0,0.0,0.0,74.0,0.0,0.0,0.0,0.0,0.0,0,1,0,0,0,0,0,0,0,0,1,0
129,Sprite (Child),12 fl oz cup,100.0,0.0,0.0,0.0,0.0,0.0,0.0,0.0,0.0,25.0,1.0,27.0,9.0,0.0,0.0,27.0,0.0,0.0,0.0,0.0,0.0,0,1,0,0,0,0,0,0,0,0,1,0
130,1% Low Fat Milk Jug,1 carton (236 ml),100.0,20.0,2.5,4.0,1.5,8.0,0.0,10.0,3.0,125.0,5.0,12.0,4.0,0.0,0.0,12.0,8.0,10.0,4.0,30.0,0.0,0,1,0,0,0,0,0,0,0,0,1,0
131,Fat Free Chocolate Milk Jug,1 carton (236 ml),130.0,0.0,0.0,0.0,0.0,0.0,0.0,5.0,2.0,135.0,6.0,23.0,8.0,1.0,2.0,22.0,9.0,10.0,0.0,30.0,8.0,0,1,0,0,0,0,0,0,0,0,1,0
132,Minute Maid 100% Apple Juice Box,6 fl oz (177 ml),80.0,0.0,0.0,0.0,0.0,0.0,0.0,0.0,0.0,15.0,1.0,21.0,7.0,0.0,0.0,19.0,0.0,0.0,100.0,10.0,0.0,0,1,0,0,0,0,0,0,0,0,1,0
133,Minute Maid Orange Juice (Small),12 fl oz cup,150.0,0.0,0.0,0.0,0.0,0.0,0.0,0.0,0.0,0.0,0.0,34.0,11.0,0.0,0.0,30.0,2.0,0.0,130.0,2.0,0.0,0,1,0,0,0,0,0,0,0,0,1,0
134,Minute Maid Orange Juice (Medium),16 fl oz cup,190.0,0.0,0.0,0.0,0.0,0.0,0.0,0.0,0.0,0.0,0.0,44.0,15.0,0.0,0.0,39.0,3.0,0.0,160.0,4.0,0.0,0,1,0,0,0,0,0,0,0,0,1,0
135,Minute Maid Orange Juice (Large),22 fl oz cup,280.0,0.0,0.0,0.0,0.0,0.0,0.0,0.0,0.0,5.0,0.0,65.0,22.0,0.0,0.0,58.0,4.0,0.0,240.0,4.0,0.0,0,1,0,0,0,0,0,0,0,0,1,0
136,Dasani Water Bottle,16.9 fl oz,0.0,0.0,0.0,0.0,0.0,0.0,0.0,0.0,0.0,0.0,0.0,0.0,0.0,0.0,0.0,0.0,0.0,0.0,0.0,0.0,0.0,0,1,0,0,0,0,0,0,0,0,1,0
137,Iced Tea (Small),16 fl oz cup,0.0,0.0,0.0,0.0,0.0,0.0,0.0,0.0,0.0,10.0,0.0,0.0,0.0,0.0,0.0,0.0,0.0,0.0,0.0,0.0,0.0,0,0,0,0,1,0,0,0,0,0,1,0
138,Iced Tea (Medium),21 fl oz cup,0.0,0.0,0.0,0.0,0.0,0.0,0.0,0.0,0.0,10.0,0.0,0.0,0.0,0.0,0.0,0.0,0.0,0.0,0.0,0.0,0.0,0,0,0,0,1,0,0,0,0,0,1,0
139,Iced Tea (Large),30 fl oz cup,0.0,0.0,0.0,0.0,0.0,0.0,0.0,0.0,0.0,15.0,1.0,0.0,0.0,0.0,0.0,0.0,0.0,0.0,0.0,0.0,0.0,0,0,0,0,1,0,0,0,0,0,1,0
140,Iced Tea (Child),12 fl oz cup,0.0,0.0,0.0,0.0,0.0,0.0,0.0,0.0,0.0,5.0,0.0,0.0,0.0,0.0,0.0,0.0,0.0,0.0,0.0,0.0,0.0,0,0,0,0,1,0,0,0,0,0,1,0
141,Sweet Tea (Small),16 fl oz cup,150.0,0.0,0.0,0.0,0.0,0.0,0.0,0.0,0.0,10.0,0.0,36.0,12.0,0.0,0.0,36.0,1.0,0.0,0.0,0.0,0.0,0,0,0,0,1,0,0,0,0,0,1,0
142,Sweet Tea (Medium),21 fl oz cup,180.0,0.0,0.0,0.0,0.0,0.0,0.0,0.0,0.0,10.0,0.0,45.0,15.0,0.0,0.0,45.0,1.0,0.0,0.0,0.0,0.0,0,0,0,0,1,0,0,0,0,0,1,0
143,Sweet Tea (Large),30 fl oz cup,220.0,0.0,0.0,0.0,0.0,0.0,0.0,0.0,0.0,10.0,1.0,54.0,18.0,0.0,0.0,54.0,1.0,0.0,0.0,0.0,0.0,0,0,0,0,1,0,0,0,0,0,1,0
144,Sweet Tea (Child),12 fl oz cup,110.0,0.0,0.0,0.0,0.0,0.0,0.0,0.0,0.0,5.0,0.0,27.0,9.0,0.0,0.0,27.0,0.0,0.0,0.0,0.0,0.0,0,0,0,0,1,0,0,0,0,0,1,0
145,Coffee (Small),12 fl oz cup,0.0,0.0,0.0,0.0,0.0,0.0,0.0,0.0,0.0,0.0,0.0,0.0,0.0,0.0,0.0,0.0,0.0,0.0,0.0,0.0,0.0,0,0,0,0,1,0,0,0,0,0,1,0
146,Coffee (Medium),16 fl oz cup,0.0,0.0,0.0,0.0,0.0,0.0,0.0,0.0,0.0,0.0,0.0,0.0,0.0,0.0,0.0,0.0,0.0,0.0,0.0,0.0,0.0,0,0,0,0,1,0,0,0,0,0,1,0
147,Coffee (Large),16 fl oz cup,0.0,0.0,0.0,0.0,0.0,0.0,0.0,0.0,0.0,0.0,0.0,0.0,0.0,0.0,0.0,0.0,0.0,0.0,0.0,0.0,0.0,0,0,0,0,1,0,0,0,0,0,1,0
148,Latte (Small),12 fl oz cup,170.0,80.0,9.0,13.0,5.0,24.0,0.0,25.0,9.0,115.0,5.0,15.0,5.0,1.0,3.0,12.0,9.0,8.0,0.0,30.0,0.0,0,0,0,0,1,0,0,0,0,0,1,0
149,Latte (Medium),16 fl oz cup,210.0,90.0,10.0,16.0,6.0,30.0,0.0,30.0,11.0,140.0,6.0,18.0,6.0,1.0,4.0,15.0,11.0,10.0,0.0,35.0,0.0,0,0,0,0,1,0,0,0,0,0,1,0
150,Latte (Large),20 fl oz cup,280.0,120.0,14.0,21.0,8.0,39.0,0.0,40.0,14.0,180.0,8.0,24.0,8.0,1.0,6.0,20.0,15.0,15.0,0.0,50.0,2.0,0,0,0,0,1,0,0,0,0,0,1,0
151,Caramel Latte (Small),12 fl oz cup,270.0,80.0,9.0,13.0,5.0,24.0,0.0,25.0,9.0,115.0,5.0,40.0,13.0,1.0,3.0,38.0,9.0,8.0,0.0,30.0,0.0,0,0,0,0,1,0,0,0,0,0,1,0
152,Caramel Latte (Medium),16 fl oz cup,340.0,90.0,10.0,16.0,6.0,30.0,0.0,30.0,11.0,140.0,6.0,50.0,17.0,1.0,4.0,48.0,11.0,10.0,0.0,35.0,0.0,0,0,0,0,1,0,0,0,0,0,1,0
153,Caramel Latte (Large),20 fl oz cup,430.0,120.0,14.0,21.0,8.0,39.0,0.0,40.0,14.0,180.0,8.0,62.0,21.0,1.0,6.0,59.0,15.0,15.0,0.0,50.0,2.0,0,0,0,0,1,0,0,0,0,0,1,0
154,Hazelnut Latte (Small),12 fl oz cup,270.0,80.0,9.0,13.0,5.0,24.0,0.0,25.0,9.0,115.0,5.0,40.0,13.0,1.0,3.0,38.0,9.0,8.0,0.0,30.0,0.0,0,0,0,0,1,0,0,0,0,0,1,0
155,Hazelnut Latte (Medium),16 fl oz cup,330.0,90.0,10.0,16.0,6.0,30.0,0.0,30.0,11.0,140.0,6.0,50.0,17.0,1.0,4.0,47.0,11.0,10.0,0.0,35.0,0.0,0,0,0,0,1,0,0,0,0,0,1,0
156,Hazelnut Latte (Large),20 fl oz cup,430.0,120.0,14.0,21.0,8.0,39.0,0.0,40.0,14.0,180.0,8.0,62.0,21.0,1.0,6.0,58.0,15.0,15.0,0.0,50.0,2.0,0,0,0,0,1,0,0,0,0,0,1,0
157,French Vanilla Latte (Small),12 fl oz cup,260.0,80.0,9.0,13.0,5.0,24.0,0.0,25.0,9.0,115.0,5.0,38.0,13.0,1.0,3.0,36.0,9.0,8.0,0.0,30.0,0.0,0,0,0,0,1,0,0,0,0,0,1,0
158,French Vanilla Latte (Medium),16 fl oz cup,330.0,90.0,10.0,16.0,6.0,30.0,0.0,30.0,11.0,140.0,6.0,48.0,16.0,1.0,4.0,45.0,11.0,10.0,0.0,35.0,2.0,0,0,0,0,1,0,0,0,0,0,1,0
159,French Vanilla Latte (Large),20 fl oz cup,420.0,120.0,14.0,21.0,8.0,39.0,0.0,40.0,14.0,190.0,8.0,60.0,20.0,1.0,6.0,56.0,15.0,15.0,0.0,50.0,2.0,0,0,0,0,1,0,0,0,0,0,1,0
160,Latte with Sugar Free French Vanilla Syrup (Small),12 fl oz cup,210.0,80.0,9.0,13.0,5.0,24.0,0.0,25.0,9.0,150.0,6.0,24.0,8.0,1.0,4.0,12.0,9.0,8.0,0.0,30.0,0.0,0,0,0,0,1,0,0,0,0,0,1,0
161,Latte with Sugar Free French Vanilla Syrup (Medium),16 fl oz cup,260.0,90.0,10.0,16.0,6.0,30.0,0.0,30.0,11.0,190.0,8.0,29.0,10.0,1.0,5.0,15.0,12.0,10.0,0.0,35.0,0.0,0,0,0,0,1,0,0,0,0,0,1,0
162,Latte with Sugar Free French Vanilla Syrup (Large),20 fl oz cup,330.0,120.0,14.0,21.0,8.0,39.0,0.0,40.0,14.0,240.0,10.0,37.0,12.0,2.0,7.0,20.0,15.0,15.0,0.0,50.0,2.0,0,0,0,0,1,0,0,0,0,0,1,0
163,Nonfat Latte (Small),12 fl oz cup,100.0,0.0,0.0,0.0,0.0,0.0,0.0,5.0,2.0,110.0,5.0,15.0,5.0,1.0,3.0,13.0,10.0,10.0,0.0,30.0,0.0,0,0,0,0,1,0,0,0,0,0,1,0
164,Nonfat Latte (Medium),16 fl oz cup,130.0,0.0,0.0,0.0,0.0,0.0,0.0,5.0,2.0,135.0,6.0,19.0,6.0,1.0,4.0,16.0,12.0,15.0,0.0,40.0,0.0,0,0,0,0,1,0,0,0,0,0,1,0
165,Nonfat Latte (Large),20 fl oz cup,170.0,0.0,0.5,1.0,0.0,0.0,0.0,10.0,3.0,180.0,7.0,25.0,8.0,1.0,6.0,21.0,16.0,15.0,0.0,50.0,2.0,0,0,0,0,1,0,0,0,0,0,1,0
166,Nonfat Caramel Latte (Small),12 fl oz cup,200.0,0.0,0.0,0.0,0.0,0.0,0.0,5.0,2.0,110.0,5.0,41.0,14.0,1.0,3.0,39.0,10.0,10.0,0.0,30.0,0.0,0,0,0,0,1,0,0,0,0,0,1,0
167,Nonfat Caramel Latte (Medium),16 fl oz cup,250.0,0.0,0.0,0.0,0.0,0.0,0.0,5.0,2.0,135.0,6.0,51.0,17.0,1.0,4.0,48.0,12.0,15.0,0.0,40.0,0.0,0,0,0,0,1,0,0,0,0,0,1,0
168,Nonfat Caramel Latte (Large),20 fl oz cup,310.0,0.0,0.5,1.0,0.0,0.0,0.0,10.0,3.0,180.0,7.0,63.0,21.0,1.0,6.0,59.0,16.0,15.0,0.0,50.0,2.0,0,0,0,0,1,0,0,0,0,0,1,0
169,Nonfat Hazelnut Latte (Small),12 fl oz cup,200.0,0.0,0.0,0.0,0.0,0.0,0.0,5.0,2.0,110.0,5.0,40.0,13.0,1.0,3.0,38.0,10.0,10.0,0.0,30.0,0.0,0,0,0,0,1,0,0,0,0,0,1,0
170,Nonfat Hazelnut Latte (Medium),16 fl oz cup,250.0,0.0,0.0,0.0,0.0,0.0,0.0,5.0,2.0,135.0,6.0,51.0,17.0,1.0,4.0,48.0,12.0,15.0,0.0,40.0,0.0,0,0,0,0,1,0,0,0,0,0,1,0
171,Nonfat Hazelnut Latte (Large),20 fl oz cup,310.0,0.0,0.5,1.0,0.0,0.0,0.0,10.0,3.0,180.0,7.0,63.0,21.0,1.0,6.0,59.0,16.0,15.0,0.0,50.0,2.0,0,0,0,0,1,0,0,0,0,0,1,0
172,Nonfat French Vanilla Latte (Small),12 fl oz cup,190.0,0.0,0.0,0.0,0.0,0.0,0.0,5.0,2.0,115.0,5.0,39.0,13.0,1.0,3.0,37.0,10.0,10.0,0.0,30.0,0.0,0,0,0,0,1,0,0,0,0,0,1,0
173,Nonfat French Vanilla Latte (Medium),16 fl oz cup,240.0,0.0,0.0,0.0,0.0,0.0,0.0,5.0,2.0,140.0,6.0,49.0,16.0,1.0,4.0,46.0,12.0,15.0,0.0,40.0,2.0,0,0,0,0,1,0,0,0,0,0,1,0
174,Nonfat French Vanilla Latte (Large),20 fl oz cup,300.0,0.0,0.5,1.0,0.0,0.0,0.0,10.0,3.0,180.0,8.0,60.0,20.0,1.0,6.0,56.0,16.0,15.0,0.0,50.0,2.0,0,0,0,0,1,0,0,0,0,0,1,0
175,Nonfat Latte with Sugar Free French Vanilla Syrup (Small),12 fl oz cup,140.0,0.0,0.0,0.0,0.0,0.0,0.0,5.0,2.0,150.0,6.0,24.0,8.0,1.0,4.0,13.0,10.0,10.0,0.0,30.0,0.0,0,0,0,0,1,0,0,0,0,0,1,0
176,Nonfat Latte with Sugar Free French Vanilla Syrup (Medium),16 fl oz cup,170.0,0.0,0.0,0.0,0.0,0.0,0.0,5.0,2.0,180.0,8.0,30.0,10.0,1.0,5.0,16.0,12.0,15.0,0.0,40.0,0.0,0,0,0,0,1,0,0,0,0,0,1,0
177,Nonfat Latte with Sugar Free French Vanilla Syrup (Large),20 fl oz cup,220.0,0.0,0.5,1.0,0.0,0.0,0.0,10.0,3.0,240.0,10.0,38.0,13.0,2.0,7.0,21.0,16.0,15.0,0.0,50.0,2.0,0,0,0,0,1,0,0,0,0,0,1,0
178,Mocha (Small),12 fl oz cup,340.0,100.0,11.0,18.0,7.0,34.0,0.0,35.0,12.0,150.0,6.0,49.0,16.0,2.0,6.0,42.0,10.0,10.0,0.0,30.0,6.0,0,0,0,0,1,0,0,0,0,0,1,0
179,Mocha (Medium),16 fl oz cup,410.0,120.0,14.0,21.0,8.0,40.0,0.0,40.0,14.0,190.0,8.0,60.0,20.0,2.0,8.0,53.0,13.0,10.0,0.0,40.0,6.0,0,0,0,0,1,0,0,0,0,0,1,0
180,Mocha (Large),20 fl oz cup,500.0,150.0,17.0,26.0,10.0,49.0,0.5,50.0,17.0,240.0,10.0,72.0,24.0,2.0,10.0,63.0,16.0,15.0,0.0,50.0,8.0,0,0,0,0,1,0,0,0,0,0,1,0
181,Mocha with Nonfat Milk (Small),12 fl oz cup,270.0,30.0,3.5,5.0,2.0,11.0,0.0,15.0,5.0,150.0,6.0,49.0,16.0,2.0,6.0,43.0,11.0,10.0,0.0,35.0,6.0,0,0,0,0,1,0,0,0,0,0,1,0
182,Mocha with Nonfat Milk (Medium),16 fl oz cup,330.0,30.0,3.5,6.0,2.0,11.0,0.0,15.0,5.0,190.0,8.0,60.0,20.0,2.0,8.0,53.0,13.0,15.0,0.0,40.0,6.0,0,0,0,0,1,0,0,0,0,0,1,0
183,Mocha with Nonfat Milk (Large),20 fl oz cup,390.0,35.0,4.0,6.0,2.5,12.0,0.0,20.0,6.0,240.0,10.0,73.0,24.0,2.0,10.0,64.0,17.0,20.0,0.0,50.0,8.0,0,0,0,0,1,0,0,0,0,0,1,0
184,Caramel Mocha (Small),12 fl oz cup,320.0,100.0,11.0,17.0,7.0,33.0,0.0,35.0,12.0,170.0,7.0,45.0,15.0,1.0,3.0,40.0,10.0,10.0,0.0,30.0,2.0,0,0,0,0,1,0,0,0,0,0,1,0
185,Caramel Mocha (Medium),16 fl oz cup,390.0,120.0,14.0,21.0,8.0,40.0,0.5,40.0,14.0,220.0,9.0,55.0,18.0,1.0,4.0,50.0,12.0,15.0,0.0,40.0,2.0,0,0,0,0,1,0,0,0,0,0,1,0
186,Caramel Mocha (Large),20 fl oz cup,480.0,150.0,17.0,26.0,10.0,49.0,0.5,50.0,17.0,270.0,11.0,66.0,22.0,1.0,5.0,60.0,16.0,15.0,0.0,50.0,4.0,0,0,0,0,1,0,0,0,0,0,1,0
187,Nonfat Caramel Mocha (Small),12 fl oz cup,250.0,30.0,3.5,5.0,2.0,10.0,0.0,15.0,5.0,170.0,7.0,45.0,15.0,1.0,3.0,41.0,10.0,10.0,0.0,35.0,2.0,0,0,0,0,1,0,0,0,0,0,1,0
188,Nonfat Caramel Mocha (Medium),16 fl oz cup,310.0,30.0,3.5,5.0,2.0,11.0,0.0,15.0,5.0,210.0,9.0,56.0,19.0,1.0,4.0,51.0,13.0,15.0,0.0,40.0,2.0,0,0,0,0,1,0,0,0,0,0,1,0
189,Nonfat Caramel Mocha (Large),20 fl oz cup,370.0,35.0,3.5,6.0,2.5,11.0,0.0,20.0,6.0,270.0,11.0,67.0,22.0,1.0,5.0,61.0,17.0,20.0,0.0,50.0,4.0,0,0,0,0,1,0,0,0,0,0,1,0
190,Hot Chocolate (Small),12 fl oz cup,360.0,120.0,13.0,21.0,8.0,39.0,0.0,40.0,14.0,180.0,8.0,50.0,17.0,1.0,3.0,45.0,11.0,10.0,0.0,40.0,6.0,0,0,0,0,1,0,0,0,0,0,1,0
191,Hot Chocolate (Medium),16 fl oz cup,440.0,140.0,16.0,25.0,9.0,47.0,0.5,50.0,16.0,220.0,9.0,61.0,20.0,1.0,4.0,56.0,14.0,15.0,0.0,45.0,6.0,0,0,0,0,1,0,0,0,0,0,1,0
192,Hot Chocolate (Large),20 fl oz cup,540.0,180.0,20.0,31.0,12.0,58.0,0.5,60.0,20.0,280.0,12.0,73.0,24.0,1.0,5.0,68.0,17.0,20.0,0.0,60.0,8.0,0,0,0,0,1,0,0,0,0,0,1,0
193,Hot Chocolate with Nonfat Milk (Small),12 fl oz cup,280.0,30.0,3.5,5.0,2.0,11.0,0.0,15.0,5.0,180.0,7.0,50.0,17.0,1.0,3.0,46.0,12.0,15.0,0.0,40.0,6.0,0,0,0,0,1,0,0,0,0,0,1,0
194,Hot Chocolate with Nonfat Milk (Medium),16 fl oz cup,340.0,30.0,3.5,5.0,2.0,11.0,0.0,15.0,6.0,220.0,9.0,61.0,20.0,1.0,4.0,57.0,14.0,20.0,0.0,50.0,6.0,0,0,0,0,1,0,0,0,0,0,1,0
195,Hot Chocolate with Nonfat Milk (Large),20 fl oz cup,400.0,35.0,3.5,6.0,2.5,12.0,0.0,20.0,7.0,280.0,12.0,74.0,25.0,1.0,5.0,69.0,19.0,25.0,0.0,60.0,8.0,0,0,0,0,1,0,0,0,0,0,1,0
196,Regular Iced Coffee (Small),16 fl oz cup,140.0,40.0,4.5,7.0,3.0,15.0,0.0,15.0,6.0,35.0,1.0,23.0,8.0,0.0,0.0,22.0,1.0,4.0,0.0,4.0,0.0,0,0,0,0,1,0,0,0,0,0,1,0
197,Regular Iced Coffee (Medium),22 fl oz cup,190.0,60.0,7.0,11.0,4.5,22.0,0.0,25.0,9.0,50.0,2.0,31.0,10.0,0.0,0.0,30.0,1.0,4.0,0.0,4.0,0.0,0,0,0,0,1,0,0,0,0,0,1,0
198,Regular Iced Coffee (Large),32 fl oz cup,270.0,80.0,9.0,14.0,6.0,29.0,0.0,35.0,12.0,75.0,3.0,47.0,16.0,0.0,0.0,45.0,2.0,6.0,0.0,8.0,0.0,0,0,0,0,1,0,0,0,0,0,1,0
199,Caramel Iced Coffee (Small),16 fl oz cup,130.0,40.0,4.5,7.0,3.0,15.0,0.0,15.0,6.0,35.0,2.0,22.0,7.0,0.0,0.0,21.0,1.0,4.0,0.0,4.0,0.0,0,0,0,0,1,0,0,0,0,0,1,0
200,Caramel Iced Coffee (Medium),22 fl oz cup,180.0,60.0,7.0,11.0,4.5,22.0,0.0,25.0,9.0,50.0,2.0,29.0,10.0,0.0,0.0,28.0,1.0,4.0,0.0,4.0,0.0,0,0,0,0,1,0,0,0,0,0,1,0
201,Caramel Iced Coffee (Large),32 fl oz cup,260.0,80.0,9.0,14.0,6.0,29.0,0.0,35.0,12.0,65.0,3.0,43.0,14.0,0.0,0.0,42.0,2.0,6.0,0.0,6.0,0.0,0,0,0,0,1,0,0,0,0,0,1,0
202,Hazelnut Iced Coffee (Small),16 fl oz cup,130.0,40.0,4.5,7.0,3.0,15.0,0.0,15.0,6.0,35.0,1.0,21.0,7.0,0.0,0.0,20.0,1.0,4.0,0.0,4.0,0.0,0,0,0,0,1,0,0,0,0,0,1,0
203,Hazelnut Iced Coffee (Medium),22 fl oz cup,180.0,60.0,7.0,11.0,4.5,22.0,0.0,25.0,9.0,50.0,2.0,29.0,10.0,0.0,0.0,28.0,1.0,4.0,0.0,4.0,0.0,0,0,0,0,1,0,0,0,0,0,1,0
204,Hazelnut Iced Coffee (Large),32 fl oz cup,250.0,80.0,9.0,14.0,6.0,29.0,0.0,35.0,12.0,75.0,3.0,43.0,14.0,0.0,0.0,41.0,2.0,6.0,0.0,8.0,0.0,0,0,0,0,1,0,0,0,0,0,1,0
205,French Vanilla Iced Coffee (Small),16 fl oz cup,120.0,40.0,4.5,7.0,3.0,15.0,0.0,15.0,6.0,40.0,2.0,20.0,7.0,0.0,0.0,19.0,1.0,4.0,0.0,4.0,0.0,0,0,0,0,1,0,0,0,0,0,1,0
206,French Vanilla Iced Coffee (Medium),22 fl oz cup,170.0,60.0,7.0,11.0,4.5,22.0,0.0,25.0,9.0,55.0,2.0,27.0,9.0,0.0,0.0,26.0,1.0,4.0,0.0,4.0,0.0,0,0,0,0,1,0,0,0,0,0,1,0
207,French Vanilla Iced Coffee (Large),32 fl oz cup,240.0,80.0,9.0,14.0,6.0,29.0,0.0,35.0,12.0,80.0,3.0,41.0,14.0,0.0,0.0,39.0,2.0,6.0,0.0,8.0,0.0,0,0,0,0,1,0,0,0,0,0,1,0
208,Iced Coffee with Sugar Free French Vanilla Syrup (Small),16 fl oz cup,80.0,40.0,4.5,7.0,3.0,15.0,0.0,15.0,6.0,65.0,3.0,9.0,3.0,0.0,0.0,1.0,1.0,4.0,0.0,4.0,0.0,0,0,0,0,1,0,0,0,0,0,1,0
209,Iced Coffee with Sugar Free French Vanilla Syrup (Medium),22 fl oz cup,120.0,60.0,7.0,11.0,4.5,22.0,0.0,25.0,9.0,90.0,4.0,12.0,4.0,0.0,0.0,2.0,1.0,4.0,0.0,4.0,0.0,0,0,0,0,1,0,0,0,0,0,1,0
210,Iced Coffee with Sugar Free French Vanilla Syrup (Large),32 fl oz cup,160.0,80.0,9.0,14.0,6.0,29.0,0.0,35.0,12.0,135.0,6.0,18.0,6.0,0.0,0.0,2.0,2.0,6.0,0.0,8.0,0.0,0,0,0,0,1,0,0,0,0,0,1,0
211,Iced Mocha (Small),12 fl oz cup,290.0,100.0,11.0,17.0,7.0,33.0,0.0,35.0,12.0,125.0,5.0,41.0,14.0,1.0,4.0,34.0,8.0,10.0,0.0,25.0,4.0,0,0,0,0,1,0,0,0,0,0,1,0
212,Iced Mocha (Medium),16 fl oz cup,350.0,110.0,13.0,19.0,8.0,38.0,0.0,40.0,13.0,150.0,6.0,50.0,17.0,1.0,5.0,43.0,9.0,10.0,0.0,30.0,6.0,0,0,0,0,1,0,0,0,0,0,1,0
213,Iced Mocha (Large),22 fl oz cup,480.0,150.0,16.0,25.0,10.0,49.0,0.5,50.0,17.0,220.0,9.0,70.0,23.0,2.0,8.0,62.0,14.0,15.0,0.0,40.0,8.0,0,0,0,0,1,0,0,0,0,0,1,0
214,Iced Mocha with Nonfat Milk (Small),12 fl oz cup,240.0,45.0,5.0,8.0,3.0,16.0,0.0,20.0,7.0,125.0,5.0,41.0,14.0,1.0,4.0,35.0,8.0,10.0,0.0,25.0,4.0,0,0,0,0,1,0,0,0,0,0,1,0
215,Iced Mocha with Nonfat Milk (Medium),16 fl oz cup,290.0,45.0,5.0,8.0,3.5,17.0,0.0,20.0,7.0,150.0,6.0,50.0,17.0,1.0,5.0,43.0,10.0,15.0,0.0,30.0,6.0,0,0,0,0,1,0,0,0,0,0,1,0
216,Iced Mocha with Nonfat Milk (Large),22 fl oz cup,390.0,50.0,6.0,9.0,3.5,18.0,0.0,25.0,8.0,220.0,9.0,71.0,24.0,2.0,8.0,62.0,14.0,20.0,0.0,45.0,8.0,0,0,0,0,1,0,0,0,0,0,1,0
217,Iced Caramel Mocha (Small),12 fl oz cup,280.0,100.0,11.0,17.0,7.0,33.0,0.0,35.0,12.0,140.0,6.0,38.0,13.0,0.0,0.0,33.0,8.0,10.0,0.0,25.0,2.0,0,0,0,0,1,0,0,0,0,0,1,0
218,Iced Caramel Mocha (Medium),16 fl oz cup,340.0,110.0,13.0,19.0,7.0,37.0,0.0,40.0,13.0,170.0,7.0,46.0,15.0,1.0,2.0,41.0,9.0,10.0,0.0,30.0,2.0,0,0,0,0,1,0,0,0,0,0,1,0
219,Iced Caramel Mocha (Large),22 fl oz cup,460.0,150.0,16.0,25.0,10.0,48.0,0.5,50.0,17.0,250.0,10.0,65.0,22.0,1.0,3.0,59.0,13.0,15.0,0.0,40.0,4.0,0,0,0,0,1,0,0,0,0,0,1,0
220,Iced Nonfat Caramel Mocha (Small),12 fl oz cup,230.0,45.0,5.0,8.0,3.0,16.0,0.0,20.0,7.0,140.0,6.0,38.0,13.0,0.0,0.0,33.0,8.0,10.0,0.0,25.0,2.0,0,0,0,0,1,0,0,0,0,0,1,0
221,Iced Nonfat Caramel Mocha (Medium),16 fl oz cup,270.0,45.0,5.0,8.0,3.0,16.0,0.0,20.0,7.0,170.0,7.0,47.0,16.0,1.0,2.0,41.0,10.0,15.0,0.0,30.0,2.0,0,0,0,0,1,0,0,0,0,0,1,0
222,Iced Nonfat Caramel Mocha (Large),22 fl oz cup,370.0,50.0,6.0,8.0,3.5,17.0,0.0,25.0,8.0,250.0,10.0,65.0,22.0,1.0,3.0,59.0,14.0,20.0,0.0,45.0,4.0,0,0,0,0,1,0,0,0,0,0,1,0
223,Frappé Mocha (Small),12 fl oz cup,450.0,160.0,18.0,28.0,12.0,59.0,1.0,65.0,21.0,125.0,5.0,65.0,22.0,1.0,3.0,57.0,7.0,15.0,0.0,20.0,4.0,0,0,0,0,1,0,0,0,0,0,1,0
224,Frappé Mocha (Medium),16 fl oz cup,550.0,200.0,22.0,34.0,14.0,71.0,1.0,75.0,25.0,160.0,7.0,80.0,27.0,1.0,4.0,71.0,9.0,15.0,0.0,25.0,4.0,0,0,0,0,1,0,0,0,0,0,1,0
225,Frappé Mocha (Large),22 fl oz cup,670.0,240.0,26.0,41.0,17.0,85.0,1.0,90.0,30.0,190.0,8.0,98.0,33.0,1.0,4.0,88.0,11.0,20.0,0.0,35.0,4.0,0,0,0,0,1,0,0,0,0,0,1,0
226,Frappé Caramel (Small),12 fl oz cup,450.0,170.0,19.0,29.0,12.0,60.0,1.0,65.0,22.0,125.0,5.0,64.0,21.0,0.0,0.0,57.0,7.0,15.0,0.0,25.0,2.0,0,0,0,0,1,0,0,0,0,0,1,0
227,Frappé Caramel (Medium),16 fl oz cup,550.0,200.0,23.0,35.0,15.0,73.0,1.0,80.0,27.0,160.0,7.0,79.0,26.0,0.0,0.0,71.0,9.0,20.0,0.0,30.0,2.0,0,0,0,0,1,0,0,0,0,0,1,0
228,Frappé Caramel (Large),22 fl oz cup,670.0,250.0,27.0,42.0,17.0,87.0,1.5,95.0,32.0,190.0,8.0,96.0,32.0,0.0,0.0,88.0,11.0,20.0,0.0,35.0,2.0,0,0,0,0,1,0,0,0,0,0,1,0
229,Frappé Chocolate Chip (Small),12 fl oz cup,530.0,200.0,23.0,35.0,14.0,72.0,1.0,65.0,22.0,135.0,6.0,76.0,25.0,1.0,5.0,67.0,8.0,15.0,0.0,25.0,4.0,0,0,0,0,1,0,0,0,0,0,1,0
230,Frappé Chocolate Chip (Medium),16 fl oz cup,630.0,240.0,26.0,41.0,17.0,85.0,1.0,80.0,26.0,160.0,7.0,91.0,30.0,1.0,5.0,81.0,9.0,15.0,0.0,30.0,4.0,0,0,0,0,1,0,0,0,0,0,1,0
231,Frappé Chocolate Chip (Large),22 fl oz cup,760.0,280.0,31.0,48.0,20.0,101.0,1.5,95.0,32.0,200.0,8.0,111.0,37.0,1.0,5.0,99.0,12.0,20.0,0.0,35.0,6.0,0,0,0,0,1,0,0,0,0,0,1,0
232,Blueberry Pomegranate Smoothie (Small),12 fl oz cup,220.0,5.0,0.5,1.0,0.0,0.0,0.0,5.0,1.0,40.0,2.0,50.0,17.0,3.0,12.0,44.0,2.0,0.0,2.0,6.0,2.0,0,0,0,0,0,0,0,1,0,0,1,0
233,Blueberry Pomegranate Smoothie (Medium),16 fl oz cup,260.0,5.0,1.0,1.0,0.0,0.0,0.0,5.0,1.0,50.0,2.0,62.0,21.0,4.0,15.0,54.0,3.0,0.0,4.0,8.0,2.0,0,0,0,0,0,0,0,1,0,0,1,0
234,Blueberry Pomegranate Smoothie (Large),22 fl oz cup,340.0,10.0,1.0,2.0,0.5,3.0,0.0,5.0,2.0,65.0,3.0,79.0,26.0,5.0,19.0,70.0,4.0,0.0,4.0,10.0,2.0,0,0,0,0,0,0,0,1,0,0,1,0
235,Strawberry Banana Smoothie (Small),12 fl oz cup,210.0,5.0,0.5,1.0,0.0,0.0,0.0,5.0,1.0,50.0,2.0,47.0,16.0,3.0,10.0,44.0,3.0,0.0,30.0,8.0,2.0,0,0,0,0,0,0,0,1,0,0,1,0
236,Strawberry Banana Smoothie (Medium),16 fl oz cup,250.0,5.0,1.0,1.0,0.0,0.0,0.0,5.0,1.0,60.0,2.0,58.0,19.0,3.0,13.0,54.0,4.0,0.0,35.0,8.0,4.0,0,0,0,0,0,0,0,1,0,0,1,0
237,Strawberry Banana Smoothie (Large),22 fl oz cup,330.0,10.0,1.0,2.0,0.5,3.0,0.0,5.0,2.0,80.0,3.0,74.0,25.0,4.0,16.0,70.0,5.0,0.0,45.0,10.0,4.0,0,0,0,0,0,0,0,1,0,0,1,0
238,Mango Pineapple Smoothie (Small),12 fl oz cup,210.0,5.0,0.5,1.0,0.0,0.0,0.0,5.0,1.0,40.0,2.0,50.0,17.0,1.0,4.0,46.0,2.0,30.0,20.0,8.0,2.0,0,0,0,0,0,0,0,1,0,0,1,0
239,Mango Pineapple Smoothie (Medium),16 fl oz cup,260.0,10.0,1.0,1.0,0.0,0.0,0.0,5.0,1.0,45.0,2.0,61.0,20.0,1.0,5.0,56.0,3.0,40.0,25.0,8.0,2.0,0,0,0,0,0,0,0,1,0,0,1,0
240,Mango Pineapple Smoothie (Large),22 fl oz cup,340.0,10.0,1.0,2.0,0.5,3.0,0.0,5.0,2.0,60.0,3.0,78.0,26.0,2.0,6.0,72.0,4.0,50.0,30.0,10.0,2.0,0,0,0,0,0,0,0,1,0,0,1,0
241,Vanilla Shake (Small),12 fl oz cup,530.0,140.0,15.0,24.0,10.0,49.0,1.0,60.0,20.0,160.0,7.0,86.0,29.0,0.0,0.0,63.0,11.0,20.0,0.0,40.0,0.0,0,0,0,0,0,0,0,1,0,0,1,0
242,Vanilla Shake (Medium),16 fl oz cup,660.0,170.0,19.0,29.0,12.0,61.0,1.0,75.0,24.0,200.0,9.0,109.0,36.0,0.0,0.0,81.0,14.0,25.0,0.0,50.0,0.0,0,0,0,0,0,0,0,1,0,0,1,0
243,Vanilla Shake (Large),22 fl oz cup,820.0,210.0,23.0,35.0,15.0,73.0,1.0,90.0,29.0,260.0,11.0,135.0,45.0,0.0,0.0,101.0,18.0,30.0,0.0,60.0,0.0,0,0,0,0,0,0,0,1,0,0,1,0
244,Strawberry Shake (Small),12 fl oz cup,550.0,150.0,16.0,25.0,10.0,52.0,1.0,60.0,21.0,160.0,7.0,90.0,30.0,0.0,0.0,79.0,12.0,20.0,0.0,40.0,0.0,0,0,0,0,0,0,0,1,0,0,1,0
245,Strawberry Shake (Medium),16 fl oz cup,690.0,180.0,20.0,30.0,13.0,63.0,1.0,75.0,25.0,210.0,9.0,114.0,38.0,0.0,0.0,100.0,15.0,25.0,0.0,50.0,0.0,0,0,0,0,0,0,0,1,0,0,1,0
246,Strawberry Shake (Large),22 fl oz cup,850.0,210.0,24.0,36.0,15.0,75.0,1.0,90.0,30.0,260.0,11.0,140.0,47.0,0.0,0.0,123.0,18.0,30.0,0.0,70.0,0.0,0,0,0,0,0,0,0,1,0,0,1,0
247,Chocolate Shake (Small),12 fl oz cup,560.0,150.0,16.0,25.0,10.0,51.0,1.0,60.0,20.0,240.0,10.0,91.0,30.0,1.0,5.0,77.0,12.0,20.0,0.0,40.0,8.0,0,0,0,0,0,0,0,1,0,0,1,0
248,Chocolate Shake (Medium),16 fl oz cup,700.0,180.0,20.0,30.0,12.0,62.0,1.0,75.0,24.0,300.0,13.0,114.0,38.0,2.0,6.0,97.0,15.0,25.0,0.0,50.0,10.0,0,0,0,0,0,0,0,1,0,0,1,0
249,Chocolate Shake (Large),22 fl oz cup,850.0,210.0,23.0,36.0,15.0,74.0,1.0,85.0,29.0,380.0,16.0,141.0,47.0,2.0,8.0,120.0,19.0,30.0,0.0,60.0,15.0,0,0,0,0,0,0,0,1,0,0,1,0
250,Shamrock Shake (Medium),16 fl oz cup,660.0,170.0,19.0,29.0,12.0,61.0,1.0,75.0,24.0,210.0,9.0,109.0,36.0,0.0,0.0,93.0,14.0,25.0,0.0,50.0,0.0,0,0,0,0,0,0,0,1,0,0,1,0
251,Shamrock Shake (Large),22 fl oz cup,820.0,210.0,23.0,35.0,15.0,73.0,1.0,90.0,29.0,260.0,11.0,135.0,45.0,0.0,0.0,115.0,18.0,30.0,0.0,60.0,0.0,0,0,0,0,0,0,0,1,0,0,1,0
252,McFlurry with M&M’s Candies (Small),10.9 oz (310 g),650.0,210.0,23.0,35.0,14.0,72.0,0.5,50.0,17.0,180.0,7.0,96.0,32.0,1.0,6.0,89.0,13.0,15.0,0.0,45.0,8.0,0,0,0,0,0,0,0,1,0,0,1,0
253,McFlurry with M&M’s Candies (Medium),16.2 oz (460 g),930.0,290.0,33.0,50.0,20.0,102.0,1.0,75.0,25.0,260.0,11.0,139.0,46.0,2.0,7.0,128.0,20.0,25.0,0.0,70.0,10.0,0,0,0,0,0,0,0,1,0,0,1,0
254,McFlurry with M&M’s Candies (Snack),7.3 oz (207 g),430.0,140.0,15.0,24.0,10.0,48.0,0.0,35.0,11.0,120.0,5.0,64.0,21.0,1.0,4.0,59.0,9.0,10.0,0.0,30.0,4.0,0,0,0,0,0,0,0,1,0,0,1,0
255,McFlurry with Oreo Cookies (Small),10.1 oz (285 g),510.0,150.0,17.0,26.0,9.0,44.0,0.5,45.0,14.0,280.0,12.0,80.0,27.0,1.0,4.0,64.0,12.0,15.0,0.0,40.0,8.0,0,0,0,0,0,0,0,1,0,0,1,0
256,McFlurry with Oreo Cookies (Medium),13.4 oz (381 g),690.0,200.0,23.0,35.0,12.0,58.0,1.0,55.0,19.0,380.0,16.0,106.0,35.0,1.0,5.0,85.0,15.0,20.0,0.0,50.0,10.0,0,0,0,0,0,0,0,1,0,0,1,0
257,McFlurry with Oreo Cookies (Snack),6.7 oz (190 g),340.0,100.0,11.0,17.0,6.0,29.0,0.0,30.0,9.0,190.0,8.0,53.0,18.0,1.0,2.0,43.0,8.0,10.0,0.0,25.0,6.0,0,0,0,0,0,0,0,1,0,0,1,0
258,McFlurry with Reese's Peanut Butter Cups (Medium),14.2 oz (403 g),810.0,290.0,32.0,50.0,15.0,76.0,1.0,60.0,20.0,400.0,17.0,114.0,38.0,2.0,9.0,103.0,21.0,20.0,0.0,60.0,6.0,0,0,0,0,0,0,0,1,0,0,1,0
259,McFlurry with Reese's Peanut Butter Cups (Snack),7.1 oz (202 g),410.0,150.0,16.0,25.0,8.0,38.0,0.0,30.0,10.0,200.0,8.0,57.0,19.0,1.0,5.0,51.0,10.0,10.0,0.0,30.0,4.0,0,0,0,0,0,0,0,1,0,0,1,0
260,Hamburger w/Onion,243,390.0,170.0,19.0,30.0,5.0,27.0,0.0,40.0,13.0,650.0,27.0,39.0,13.0,3.0,11.0,10.0,16.0,10.0,15.0,4.0,20.0,1,0,0,0,0,0,0,0,0,1,0,0
261,with mustard & ketchup instead of spread,243,310.0,90.0,10.0,15.0,4.0,20.0,0.0,35.0,12.0,730.0,30.0,41.0,14.0,3.0,11.0,10.0,16.0,15.0,20.0,4.0,20.0,1,0,0,0,0,0,0,0,0,1,0,0
262,Protein® Style (Bun replaced with Lettuce),275,240.0,150.0,17.0,26.0,4.0,22.0,0.0,40.0,13.0,370.0,15.0,11.0,4.0,3.0,11.0,7.0,13.0,15.0,20.0,4.0,15.0,1,0,0,0,0,0,0,0,0,1,0,0
263,Cheeseburger w/Onion,268,480.0,240.0,27.0,41.0,10.0,51.0,0.5,60.0,20.0,1000.0,42.0,39.0,13.0,3.0,11.0,10.0,22.0,15.0,15.0,20.0,20.0,1,0,0,0,0,0,0,0,0,1,0,0
264,with mustard & ketchup instead of spread,268,400.0,160.0,18.0,27.0,9.0,44.0,0.5,60.0,20.0,1080.0,45.0,41.0,14.0,3.0,11.0,10.0,22.0,20.0,20.0,20.0,20.0,1,0,0,0,0,0,0,0,0,1,0,0
265,Protein® Style (Bun replaced with Lettuce),300,330.0,220.0,25.0,38.0,9.0,47.0,0.0,60.0,20.0,720.0,30.0,11.0,4.0,3.0,11.0,7.0,18.0,20.0,20.0,20.0,15.0,1,0,0,0,0,0,0,0,0,1,0,0
266,Double-Double w/Onion,330,670.0,370.0,41.0,63.0,18.0,90.0,1.0,120.0,40.0,1440.0,60.0,39.0,13.0,3.0,11.0,10.0,37.0,20.0,15.0,35.0,30.0,1,0,0,0,0,0,0,0,0,1,0,0
267,with mustard & ketchup instead of spread,330,590.0,290.0,32.0,49.0,17.0,83.0,1.0,115.0,39.0,1520.0,63.0,41.0,14.0,3.0,11.0,10.0,37.0,25.0,20.0,35.0,30.0,1,0,0,0,0,0,0,0,0,1,0,0
268,Protein® Style (Bun replaced with Lettuce),362,520.0,350.0,39.0,60.0,17.0,86.0,1.0,120.0,40.0,1160.0,48.0,11.0,4.0,3.0,11.0,7.0,33.0,25.0,20.0,35.0,25.0,1,0,0,0,0,0,0,0,0,1,0,0
269,French Fries,125,395.0,160.0,18.0,27.0,5.0,25.0,0.0,0.0,0.0,245.0,10.0,54.0,18.0,2.0,8.0,0.0,7.0,0.0,0.0,2.0,10.0,0,0,0,0,0,0,0,0,1,1,0,0
270,Chocolate Shake,15oz.,590.0,260.0,29.0,45.0,19.0,97.0,1.0,15.0,5.0,320.0,13.0,72.0,24.0,0.0,0.0,65.0,10.0,25.0,0.0,35.0,10.0,0,0,0,0,0,0,0,1,0,1,0,0
271,Vanilla Shake,15oz.,580.0,280.0,31.0,48.0,20.0,101.0,1.0,20.0,7.0,300.0,12.0,67.0,22.0,0.0,0.0,57.0,10.0,25.0,0.0,35.0,8.0,0,0,0,0,0,0,0,1,0,1,0,0
272,Strawberry Shake,15oz.,590.0,240.0,27.0,42.0,18.0,89.0,1.0,15.0,5.0,270.0,11.0,81.0,27.0,0.0,0.0,67.0,8.0,20.0,0.0,30.0,15.0,0,0,0,0,0,0,0,1,0,1,0,0
273,Coca-Cola Classic,16oz.,195.0,0.0,0.0,0.0,0.0,0.0,0.0,0.0,0.0,12.0,0.0,54.0,18.0,0.0,0.0,54.0,0.0,0.0,0.0,0.0,0.0,0,1,0,0,0,0,0,0,0,1,0,0
274,Diet Coke,16oz.,0.0,0.0,0.0,0.0,0.0,0.0,0.0,0.0,0.0,20.0,1.0,0.0,0.0,0.0,0.0,0.0,0.0,0.0,0.0,0.0,0.0,0,1,0,0,0,0,0,0,0,1,0,0
275,Seven Up,16oz.,200.0,0.0,0.0,0.0,0.0,0.0,0.0,0.0,0.0,60.0,2.0,54.0,18.0,0.0,0.0,54.0,0.0,0.0,0.0,0.0,0.0,0,1,0,0,0,0,0,0,0,1,0,0
276,Dr Pepper,16oz.,200.0,0.0,0.0,0.0,0.0,0.0,0.0,0.0,0.0,60.0,2.0,52.0,18.0,0.0,0.0,52.0,0.0,0.0,0.0,0.0,0.0,0,1,0,0,0,0,0,0,0,1,0,0
277,Root Beer,16oz.,219.0,0.0,0.0,0.0,0.0,0.0,0.0,0.0,0.0,48.0,2.0,60.0,20.0,0.0,0.0,60.0,0.0,0.0,0.0,0.0,0.0,0,1,0,0,0,0,0,0,0,1,0,0
278,Lemonade,16oz.,179.0,0.0,0.0,0.0,0.0,0.0,0.0,0.0,0.0,20.0,0.0,40.0,13.0,0.0,0.0,38.0,0.0,0.0,8.0,0.0,0.0,0,1,0,0,0,0,0,0,0,1,0,0
279,Minute Maid Light Lemonade,16oz.,8.0,0.0,0.0,0.0,0.0,0.0,0.0,0.0,0.0,7.0,0.0,1.0,13.0,0.0,0.0,0.0,0.0,0.0,14.0,1.0,0.0,0,1,0,0,0,0,0,0,0,1,0,0
280,Iced Tea,16oz.,0.0,0.0,0.0,0.0,0.0,0.0,0.0,0.0,0.0,0.0,0.0,0.0,0.0,0.0,0.0,0.0,0.0,0.0,0.0,0.0,0.0,0,1,0,0,0,0,0,0,0,1,0,0
281,Coffee,16oz.,5.0,0.0,0.0,0.0,0.0,0.0,0.0,0.0,0.0,10.0,0.0,0.0,0.0,0.0,0.0,0.0,1.0,0.0,0.0,0.0,0.0,0,0,0,0,1,0,0,0,0,1,0,0
282,Milk,10oz.,180.0,50.0,6.0,9.0,4.0,19.0,0.0,30.0,9.0,190.0,8.0,18.0,6.0,0.0,0.0,18.0,12.0,15.0,6.0,45.0,0.0,0,1,0,0,0,0,0,0,0,1,0,0
283,Fried Pickle Nickels,,740.0,450.0,50.0,,8.0,,0.5,65.0,,2830.0,,62.0,,3.0,,14.0,6.0,,,,,0,0,0,0,0,0,0,0,1,0,0,1
284,Pretzel Bites,,810.0,360.0,40.0,,11.0,,0.5,30.0,,1780.0,,95.0,,9.0,,6.0,16.0,,,,,0,0,0,0,0,0,0,0,1,0,0,1
285,The O-Ring Shorty®,,910.0,500.0,56.0,,10.0,,1.0,45.0,,2130.0,,94.0,,4.0,,27.0,9.0,,,,,0,0,0,0,0,0,0,0,1,0,0,1
286,Towering Onion Rings®,,1290.0,520.0,57.0,,10.0,,1.0,50.0,,3550.0,,179.0,,7.0,,42.0,17.0,,,,,0,0,0,0,0,0,0,0,1,0,0,1
287,Wings Red’s Bold Boneless Wings with Buzz Sauce,,990.0,490.0,55.0,,29.0,,0.5,115.0,,3520.0,,71.0,,15.0,,4.0,23.0,,,,,0,0,0,1,0,0,0,0,0,0,0,1
288,Wings Red’s Bold Boneless Wings with Whiskey River Sauce,,1010.0,380.0,42.0,,21.0,,0.5,110.0,,2780.0,,103.0,,15.0,,30.0,23.0,,,,,0,0,0,1,0,0,0,0,0,0,0,1
289,Wings Red’s Bold Boneless Wings with Island Heat Sauce,,960.0,460.0,63.0,,21.0,,0.5,110.0,,2180.0,,103.0,,15.0,,35.0,22.0,,,,,0,0,0,1,0,0,0,0,0,0,0,1
290,Wings Red’s Bold Boneless Wings with Banzai Sauce,,930.0,330.0,37.0,,20.0,,0.5,110.0,,3080.0,,94.0,,14.0,,25.0,23.0,,,,,0,0,0,1,0,0,0,0,0,0,0,1
291,Wings Bone-In Bar Wings with Buzz Sauce,,1260.0,790.0,88.0,,37.0,,0.5,475.0,,2880.0,,26.0,,7.0,,3.0,93.0,,,,,0,0,0,1,0,0,0,0,0,0,0,1
292,Wings Bone-In Bar Wings with Whiskey River Sauce,,1280.0,680.0,76.0,,30.0,,0.5,465.0,,2140.0,,58.0,,7.0,,30.0,93.0,,,,,0,0,0,1,0,0,0,0,0,0,0,1
293,Wings Bone-In Bar Wings with Island Heat Sauce,,1230.0,760.0,96.0,,29.0,,0.5,465.0,,1540.0,,58.0,,7.0,,34.0,91.0,,,,,0,0,0,1,0,0,0,0,0,0,0,1
294,Wings Bone-In Bar Wings with Banzai Sauce,,1200.0,630.0,70.0,,29.0,,0.5,465.0,,2430.0,,49.0,,6.0,,25.0,93.0,,,,,0,0,0,1,0,0,0,0,0,0,0,1
295,Cheese Sticks,,550.0,270.0,30.0,,14.0,,1.0,55.0,,1730.0,,43.0,,2.0,,13.0,26.0,,,,,0,0,0,0,0,0,0,0,1,0,0,1
296,Fresh-Fried Zucchini Sticks,,520.0,390.0,43.0,,14.0,,0.5,20.0,,1380.0,,28.0,,4.0,,4.0,4.0,,,,,0,0,0,0,0,0,0,0,1,0,0,1
297,Fried Jalapeño Coins,,560.0,370.0,41.0,,7.0,,0.5,20.0,,1440.0,,38.0,,7.0,,6.0,5.0,,,,,0,0,0,0,0,0,0,0,1,0,0,1
298,Sweet Potato Fries,,410.0,120.0,14.0,,12.0,,0.0,0.0,,1030.0,,68.0,,5.0,,43.0,3.0,,,,,0,0,0,0,0,0,0,0,1,0,0,1
299,Bacon Cheeseburger√,,990.0,610.0,68.0,,22.0,,2.0,165.0,,1730.0,,49.0,,2.0,,11.0,47.0,,,,,1,0,0,0,0,0,0,0,0,0,0,1
300,Banzai,,960.0,540.0,60.0,,19.0,,2.0,135.0,,1360.0,,63.0,,3.0,,24.0,42.0,,,,,1,0,0,0,0,0,0,0,0,0,0,1
301,Burnin’ Love,,910.0,530.0,61.0,,19.0,,1.5,135.0,,1190.0,,56.0,,4.0,,11.0,42.0,,,,,1,0,0,0,0,0,0,0,0,0,0,1
302,Burnin’ Love Chicken,,740.0,370.0,43.0,,12.0,,0.5,130.0,,1710.0,,57.0,,5.0,,12.0,42.0,,,,,1,0,0,0,0,0,0,0,0,0,0,1
303,Guacamole Bacon,,930.0,520.0,58.0,,20.0,,1.5,155.0,,1340.0,,51.0,,4.0,,11.0,51.0,,,,,1,0,0,0,0,0,0,0,0,0,0,1
304,Keep It Simple,Beef,530.0,220.0,24.0,,9.0,,1.0,90.0,,760.0,,44.0,,3.0,,9.0,34.0,,,,,1,0,0,0,0,0,0,0,0,0,0,1
305,Monster Burger√,,1210.0,690.0,77.0,,31.0,,3.0,255.0,,2410.0,,59.0,,3.0,,20.0,72.0,,,,,1,0,0,0,0,0,0,0,0,0,0,1
306,Red Robin® Gourmet Cheeseburger√,,800.0,430.0,47.0,,17.0,,1.5,130.0,,1610.0,,56.0,,3.0,,18.0,40.0,,,,,1,0,0,0,0,0,0,0,0,0,0,1
307,Royal Red Robin,,1110.0,700.0,78.0,,25.0,,2.0,350.0,,1850.0,,49.0,,2.0,,11.0,54.0,,,,,1,0,0,0,0,0,0,0,0,0,0,1
308,Sautéed ’Shroom,,770.0,360.0,40.0,,17.0,,1.5,120.0,,1050.0,,53.0,,7.0,,10.0,48.0,,,,,1,0,0,0,0,0,0,0,0,0,0,1
309,The WedgieTM Burger,,550.0,310.0,35.0,,13.0,,1.0,125.0,,880.0,,19.0,,5.0,,7.0,39.0,,,,,1,0,0,0,0,0,0,0,0,0,0,1
310,Veggie Burger,,750.0,400.0,44.0,,12.0,,0.5,40.0,,1240.0,,69.0,,12.0,,14.0,24.0,,,,,1,0,0,0,0,0,0,0,0,0,0,1
311,Veggie Vegan Burger w/ Steamed Broccoli,,260.0,90.0,11.0,,1.5,,0.0,0.0,,640.0,,34.0,,14.0,,11.0,13.0,,,,,1,0,0,0,0,0,0,0,0,0,0,1
312,Whiskey River® BBQ,,1140.0,670.0,75.0,,21.0,,2.0,135.0,,1340.0,,73.0,,4.0,,22.0,44.0,,,,,1,0,0,0,0,0,0,0,0,0,0,1
313,Turkey Patty,,230.0,130.0,15.0,,4.0,,0.0,80.0,,550.0,,2.0,,0.0,,0.0,21.0,,,,,1,0,0,0,0,0,0,0,0,0,0,1
314,Grilled Chicken Patty,,120.0,10.0,1.5,,0.5,,0.0,90.0,,600.0,,0.0,,1.0,,0.0,27.0,,,,,1,0,0,0,0,0,0,0,0,0,0,1
315,Gourmet Burger Patty,,290.0,180.0,20.0,,8.0,,1.0,90.0,,80.0,,0.0,,0.0,,0.0,27.0,,,,,1,0,0,0,0,0,0,0,0,0,0,1
316,Crispy Chicken Patty,,430.0,240.0,26.0,,5.0,,0.0,65.0,,1070.0,,21.0,,2.0,,0.0,27.0,,,,,1,0,0,0,0,0,0,0,0,0,0,1
317,Tavern Patty,,130.0,80.0,9.0,,3.5,,0.5,40.0,,40.0,,0.0,,0.0,,0.0,12.0,,,,,1,0,0,0,0,0,0,0,0,0,0,1
318,ImpossibleTM Burger Patty,,220.0,110.0,12.0,,7.0,,0.0,0.0,,340.0,,8.0,,2.0,,1.0,18.0,,,,,1,0,0,0,0,0,0,0,0,0,0,1
319,Ancient-Grain Veggie/Vegan Patty,,130.0,35.0,4.0,,0.5,,0.0,0.0,,340.0,,17.0,,7.0,,5.0,7.0,,,,,1,0,0,0,0,0,0,0,0,0,0,1
320,Milkshake (Vanilla),Monster,940.0,340.0,38.0,,24.0,,1.5,145.0,,350.0,,133.0,,0.0,,119.0,19.0,,,,,0,0,0,0,0,0,0,1,0,0,0,1
321,Oreo Cookie Magic,Monster,1040.0,390.0,43.0,,25.0,,1.5,145.0,,480.0,,146.0,,2.0,,118.0,21.0,,,,,0,0,0,0,0,0,0,1,0,0,0,1
322,Salted Caramel Milkshake,Monster,1190.0,350.0,39.0,,25.0,,1.5,155.0,,1610.0,,192.0,,0.0,,155.0,20.0,,,,,0,0,0,0,0,0,0,1,0,0,0,1
323,Black & Bleu,,850.0,480.0,53.0,,17.0,,1.5,130.0,,1150.0,,52.0,,3.0,,12.0,39.0,,,,,1,0,0,0,0,0,0,0,0,0,0,1
324,Smoke & PepperTM,,790.0,360.0,40.0,,17.0,,1.5,145.0,,1880.0,,58.0,,2.0,,18.0,49.0,,,,,1,0,0,0,0,0,0,0,0,0,0,1
325,The MadLove Burger,,1050.0,520.0,58.0,,25.0,,2.0,180.0,,1800.0,,71.0,,5.0,,27.0,63.0,,,,,1,0,0,0,0,0,0,0,0,0,0,1
326,The Master Cheese,,790.0,410.0,45.0,,19.0,,1.5,140.0,,1560.0,,48.0,,2.0,,10.0,47.0,,,,,1,0,0,0,0,0,0,0,0,0,0,1
327,Barq’s® Root Beer,Adult,130.0,0.0,0.0,,0.0,,0.0,0.0,,60.0,,38.0,,0.0,,38.0,0.0,,,,,0,1,0,0,0,0,0,0,0,0,0,1
328,Coca-Cola Classic®,Adult,120.0,0.0,0.0,,0.0,,0.0,0.0,,40.0,,33.0,,0.0,,33.0,0.0,,,,,0,1,0,0,0,0,0,0,0,0,0,1
329,Diet Coke®,Adult,0.0,0.0,0.0,,0.0,,0.0,0.0,,35.0,,0.0,,0.0,,0.0,0.0,,,,,0,1,0,0,0,0,0,0,0,0,0,1
330,Dr Pepper®,Adult,130.0,0.0,0.0,,0.0,,0.0,0.0,,50.0,,33.0,,0.0,,32.0,0.0,,,,,0,1,0,0,0,0,0,0,0,0,0,1
331,Minute Maid® Lemonade,Adult,140.0,0.0,0.0,,0.0,,0.0,0.0,,20.0,,36.0,,0.0,,35.0,0.0,,,,,0,1,0,0,0,0,0,0,0,0,0,1
332,Lemonade with Peach Flavor,,240.0,0.0,0.0,,0.0,,0.0,0.0,,15.0,,64.0,,0.0,,60.0,0.0,,,,,0,1,0,0,0,0,0,0,0,0,0,1
333,Lemonade with Raspberry Flavor,,240.0,0.0,0.0,,0.0,,0.0,0.0,,15.0,,63.0,,0.0,,61.0,0.0,,,,,0,1,0,0,0,0,0,0,0,0,0,1
334,Lemonade with Sugar Free Peach Flavor,,120.0,0.0,0.0,,0.0,,0.0,0.0,,15.0,,38.0,,0.0,,32.0,0.0,,,,,0,1,0,0,0,0,0,0,0,0,0,1
335,Lemonade with Sugar Free Raspberry Flavor,,120.0,0.0,0.0,,0.0,,0.0,0.0,,15.0,,38.0,,0.0,,32.0,0.0,,,,,0,1,0,0,0,0,0,0,0,0,0,1
336,Freckled Lemonade®,Adult,150.0,0.0,0.0,,0.0,,0.0,0.0,,10.0,,38.0,,0.0,,37.0,0.0,,,,,0,1,0,0,0,0,0,0,0,0,0,1
337,Orange Cream Soda,,210.0,25.0,2.5,,1.5,,0.0,10.0,,25.0,,47.0,,0.0,,44.0,0.0,,,,,0,1,0,0,0,0,0,0,0,0,0,1
338,Raspberry Cream Soda,,210.0,25.0,2.5,,1.5,,0.0,10.0,,25.0,,46.0,,0.0,,43.0,0.0,,,,,0,1,0,0,0,0,0,0,0,0,0,1
339,Poppin’ Purple Lemonade,,190.0,0.0,0.0,,0.0,,0.0,0.0,,10.0,,47.0,,0.0,,45.0,0.0,,,,,0,1,0,0,0,0,0,0,0,0,0,1
340,Root Beer Float,Adult,580.0,130.0,15.0,,9.0,,0.5,55.0,,250.0,,116.0,,0.0,,110.0,7.0,,,,,0,1,0,0,0,0,0,0,0,0,0,1
341,Sprite®,Adult,130.0,0.0,0.0,,0.0,,0.0,0.0,,30.0,,34.0,,0.0,,30.0,0.0,,,,,0,1,0,0,0,0,0,0,0,0,0,1
342,Very Berry Raspberry Limeade,,180.0,0.0,0.0,,0.0,,0.0,0.0,,20.0,,46.0,,0.0,,43.0,0.0,,,,,0,1,0,0,0,0,0,0,0,0,0,1
343,Balsamic Vinegar Dressing,2 oz.,100.0,80.0,9.0,,1.5,,0.0,0.0,,490.0,,6.0,,0.0,,4.0,0.0,,,,,0,0,0,0,0,0,1,0,0,0,0,1
344,Bleu Cheese Dressing,2 oz.,320.0,310.0,34.0,,7.0,,0.5,30.0,,570.0,,0.0,,0.0,,0.0,2.0,,,,,0,0,0,0,0,0,1,0,0,0,0,1
345,Caesar Dressing,2 oz.,360.0,340.0,38.0,,7.0,,0.5,30.0,,510.0,,3.0,,0.0,,0.0,2.0,,,,,0,0,0,0,0,0,1,0,0,0,0,1
346,Italian Dressing,2 oz.,220.0,200.0,22.0,,3.0,,0.0,0.0,,580.0,,6.0,,0.0,,4.0,0.0,,,,,0,0,0,0,0,0,1,0,0,0,0,1
347,Avo-Cobb-O Salad†,,510.0,240.0,26.0,,9.0,,0.5,295.0,,1420.0,,25.0,,9.0,,8.0,50.0,,,,,0,0,0,0,0,0,1,0,0,0,0,1
348,Crispy Chicken Tender Salad†,,880.0,450.0,50.0,,14.0,,0.5,270.0,,1470.0,,60.0,,7.0,,8.0,38.0,,,,,0,0,0,0,0,0,1,0,0,0,0,1
349,Mighty Caesar,,750.0,550.0,61.0,,11.0,,1.0,135.0,,1560.0,,20.0,,7.0,,5.0,35.0,,,,,0,0,0,0,0,0,1,0,0,0,0,1
350,Simply Grilled Chicken Salad†,,280.0,70.0,8.0,,3.5,,0.0,105.0,,870.0,,20.0,,6.0,,7.0,35.0,,,,,0,0,0,0,0,0,1,0,0,0,0,1
351,Southwest Salad,,900.0,570.0,63.0,,19.0,,1.0,175.0,,1950.0,,41.0,,11.0,,12.0,48.0,,,,,0,0,0,0,0,0,1,0,0,0,0,1
352,Caesar Salad,,230.0,190.0,21.0,,4.0,,0.5,15.0,,360.0,,8.0,,2.0,,2.0,4.0,,,,,0,0,0,0,0,0,1,0,0,0,0,1
353,House Salad†,,100.0,50.0,5.0,,2.5,,0.0,15.0,,160.0,,9.0,,2.0,,3.0,5.0,,,,,0,0,0,0,0,0,1,0,0,0,0,1
